filename,person_direction
0_01_01_0040.png,front
0_01_01_0050.png,front
0_01_01_0051.png,front
0_01_01_0056.png,front
0_01_01_0057.png,front
0_01_01_0059.png,front
0_01_01_0060.png,front
0_01_01_0061.png,front
0_01_01_0062.png,front
0_01_01_0063.png,front
0_01_01_0064.png,front
0_01_01_0065.png,front
0_01_01_0066.png,front
0_01_01_0067.png,front
0_01_01_0068.png,front
0_01_01_0070.png,front
0_01_01_0073.png,front
0_01_01_0074.png,front
0_01_01_0075.png,front
0_01_01_0076.png,front
0_01_01_0077.png,front
0_01_01_0078.png,front
0_01_01_0079.png,front
0_01_01_0080.png,front
0_01_01_0081.png,front
0_01_01_0082.png,front
0_01_01_0083.png,front
0_01_01_0084.png,front
0_01_01_0085.png,front
0_01_01_0086.png,front
0_01_01_0087.png,front
0_01_01_0088.png,front
0_01_01_0089.png,front
0_01_01_0090.png,front
0_01_01_0091.png,front
0_01_01_0092.png,front
0_01_01_0093.png,front
0_01_01_0094.png,front
0_01_01_0095.png,front
0_01_01_0096.png,front
0_01_01_0097.png,front
0_01_01_0098.png,front
0_01_01_0099.png,front
0_01_01_0100.png,front
0_01_01_0101.png,front
0_01_01_0102.png,front
0_01_01_0103.png,front
0_01_01_0104.png,front
0_01_01_0105.png,front
0_01_01_0106.png,front
0_01_01_0107.png,front
0_01_01_0108.png,front
0_01_01_0109.png,front
0_01_01_0110.png,front
0_01_01_0111.png,front
0_01_01_0112.png,front
0_01_01_0113.png,front
0_01_01_0114.png,front
0_01_01_0115.png,front
0_01_01_0116.png,front
0_01_01_0117.png,front
0_01_01_0118.png,front
0_01_01_0119.png,front
0_01_01_0140.png,back
0_01_01_0141.png,back
0_01_01_0142.png,back
0_01_01_0143.png,back
0_01_01_0144.png,back
0_01_01_0145.png,back
0_01_01_0146.png,back
0_01_01_0147.png,back
0_01_01_0148.png,back
0_01_01_0149.png,back
0_01_01_0150.png,back
0_01_01_0151.png,back
0_01_01_0152.png,back
0_01_01_0153.png,back
0_01_01_0154.png,back
0_01_01_0155.png,back
0_01_01_0156.png,back
0_01_01_0157.png,back
0_01_01_0158.png,back
0_01_01_0159.png,back
0_01_01_0160.png,back
0_01_01_0161.png,back
0_01_01_0162.png,back
0_01_01_0163.png,back
0_01_01_0164.png,back
0_01_01_0165.png,back
0_01_01_0166.png,back
0_01_01_0167.png,back
0_01_01_0168.png,back
0_01_01_0169.png,back
0_01_01_0170.png,back
0_01_01_0171.png,back
0_01_01_0172.png,back
0_01_01_0173.png,back
0_01_01_0174.png,back
0_01_01_0175.png,back
0_01_01_0176.png,back
0_01_01_0177.png,back
0_01_01_0178.png,back
0_01_01_0179.png,back
0_01_01_0180.png,back
0_01_01_0181.png,back
0_01_01_0182.png,back
0_01_01_0183.png,back
0_01_01_0191.png,back
0_01_01_0192.png,back
0_01_01_0193.png,back
0_01_01_0194.png,back
0_01_01_0195.png,back
0_01_01_0196.png,back
0_01_01_0197.png,back
0_01_01_0198.png,back
0_01_01_0199.png,back
0_01_01_0202.png,back
0_01_01_0203.png,back
0_01_01_0204.png,back
0_01_01_0205.png,back
0_01_01_0206.png,back
0_01_01_0207.png,back
0_01_01_0209.png,back
0_01_01_0214.png,back
0_01_01_0215.png,back
0_01_02_0000.png,front
0_01_02_0001.png,front
0_01_02_0002.png,front
0_01_02_0003.png,front
0_01_02_0004.png,front
0_01_02_0005.png,front
0_01_02_0006.png,front
0_01_02_0007.png,front
0_01_02_0008.png,front
0_01_02_0009.png,front
0_01_02_0010.png,front
0_01_02_0011.png,front
0_01_02_0012.png,front
0_01_02_0013.png,front
0_01_02_0014.png,front
0_01_02_0015.png,front
0_01_02_0016.png,front
0_01_02_0017.png,front
0_01_02_0018.png,front
0_01_02_0019.png,front
0_01_02_0020.png,front
0_01_02_0021.png,front
0_01_02_0022.png,front
0_01_02_0023.png,front
0_01_02_0024.png,front
0_01_02_0025.png,front
0_01_02_0026.png,front
0_01_02_0027.png,front
0_01_02_0028.png,front
0_01_02_0029.png,front
0_01_02_0030.png,front
0_01_02_0031.png,front
0_01_02_0032.png,front
0_01_02_0033.png,front
0_01_02_0034.png,front
0_01_02_0035.png,front
0_01_02_0036.png,front
0_01_02_0037.png,front
0_01_02_0038.png,front
0_01_02_0039.png,front
0_01_02_0040.png,front
0_01_02_0041.png,front
0_01_02_0042.png,front
0_01_02_0043.png,front
0_01_02_0044.png,front
0_01_02_0045.png,front
0_01_02_0046.png,front
0_01_02_0047.png,front
0_01_02_0048.png,front
0_01_02_0049.png,front
0_01_02_0050.png,front
0_01_02_0051.png,front
0_01_02_0052.png,front
0_01_02_0053.png,front
0_01_02_0054.png,front
0_01_02_0055.png,front
0_01_02_0056.png,front
0_01_02_0057.png,front
0_01_02_0058.png,front
0_01_02_0059.png,front
0_01_02_0060.png,front
0_01_02_0061.png,front
0_01_02_0062.png,front
0_01_02_0063.png,front
0_01_02_0064.png,front
0_01_02_0065.png,front
0_01_02_0066.png,front
0_01_02_0067.png,front
0_01_02_0068.png,front
0_01_02_0069.png,front
0_01_02_0070.png,front
0_01_02_0071.png,front
0_01_02_0072.png,front
0_01_02_0073.png,front
0_01_02_0074.png,front
0_01_02_0075.png,front
0_01_02_0076.png,front
0_01_02_0077.png,front
0_01_02_0078.png,front
0_01_02_0079.png,front
0_01_02_0080.png,front
0_01_02_0081.png,front
0_01_02_0082.png,front
0_01_02_0083.png,front
0_01_02_0084.png,front
0_01_02_0085.png,front
0_01_02_0086.png,front
0_01_02_0087.png,front
0_01_02_0088.png,front
0_01_02_0089.png,front
0_01_02_0090.png,front
0_01_02_0091.png,front
0_01_02_0092.png,front
0_01_02_0093.png,front
0_01_02_0094.png,front
0_01_02_0095.png,front
0_01_02_0096.png,front
0_01_02_0097.png,front
0_01_02_0098.png,front
0_01_02_0099.png,front
0_01_02_0100.png,front
0_01_02_0101.png,front
0_01_02_0102.png,front
0_01_02_0103.png,front
0_01_02_0104.png,front
0_01_02_0105.png,front
0_01_02_0106.png,front
0_01_02_0107.png,front
0_01_02_0108.png,front
0_01_02_0109.png,front
0_01_02_0110.png,front
0_01_02_0111.png,front
0_01_02_0112.png,front
0_01_02_0113.png,front
0_01_02_0114.png,front
0_01_02_0115.png,front
0_01_02_0116.png,front
0_01_02_0117.png,front
0_01_02_0118.png,front
0_01_02_0119.png,front
0_01_02_0120.png,front
0_01_02_0121.png,front
0_01_02_0122.png,front
0_01_02_0123.png,front
0_01_02_0124.png,front
0_01_02_0125.png,front
0_01_02_0126.png,front
0_01_02_0127.png,front
0_01_02_0128.png,front
0_01_02_0129.png,front
0_01_02_0130.png,front
0_01_02_0131.png,front
0_01_02_0132.png,front
0_01_02_0133.png,front
0_01_02_0134.png,front
0_01_02_0135.png,front
0_01_02_0136.png,front
0_01_02_0137.png,front
0_01_02_0138.png,front
0_01_02_0139.png,front
0_01_02_0140.png,front
0_01_02_0141.png,front
0_01_02_0142.png,front
0_01_02_0143.png,front
0_01_02_0144.png,front
0_01_02_0145.png,front
0_01_02_0146.png,front
0_01_02_0147.png,front
0_01_02_0148.png,front
0_01_02_0149.png,front
0_01_02_0150.png,front
0_01_02_0151.png,front
0_01_02_0152.png,front
0_01_02_0153.png,front
0_01_02_0154.png,front
0_01_02_0155.png,front
0_01_02_0156.png,front
0_01_02_0157.png,front
0_01_02_0158.png,front
0_01_02_0159.png,front
0_01_02_0160.png,front
0_01_02_0161.png,front
0_01_02_0162.png,front
0_01_02_0163.png,front
0_01_02_0164.png,front
0_01_02_0165.png,front
0_01_02_0166.png,front
0_01_02_0167.png,front
0_01_02_0168.png,front
0_01_02_0169.png,front
0_01_02_0170.png,front
0_01_02_0171.png,front
0_01_02_0172.png,front
0_01_02_0173.png,front
0_01_02_0174.png,front
0_01_02_0175.png,front
0_01_02_0176.png,front
0_01_02_0177.png,front
0_01_02_0178.png,front
0_01_02_0179.png,front
0_01_02_0180.png,front
0_01_02_0181.png,front
0_01_02_0182.png,front
0_01_02_0183.png,front
0_01_02_0184.png,front
0_01_02_0185.png,front
0_01_02_0186.png,front
0_01_02_0187.png,front
0_01_02_0188.png,front
0_01_02_0189.png,front
0_01_02_0190.png,front
0_01_02_0191.png,front
0_01_02_0192.png,front
0_01_02_0193.png,front
0_01_02_0194.png,front
0_01_02_0195.png,front
0_01_02_0196.png,front
0_01_02_0197.png,front
0_01_02_0198.png,front
0_01_02_0199.png,front
0_01_02_0200.png,front
0_01_02_0201.png,front
0_01_02_0202.png,front
0_01_02_0203.png,front
0_01_02_0204.png,front
0_01_02_0205.png,front
0_01_02_0206.png,front
0_01_02_0207.png,front
0_01_02_0208.png,front
0_01_02_0209.png,front
0_01_02_0210.png,front
0_01_02_0211.png,front
0_01_02_0212.png,front
0_01_02_0213.png,front
0_01_02_0214.png,front
0_01_02_0215.png,front
0_01_02_0216.png,front
0_01_02_0217.png,front
0_01_02_0218.png,front
0_01_02_0219.png,front
0_01_02_0220.png,front
0_01_02_0221.png,front
0_01_02_0222.png,front
0_01_02_0223.png,front
0_01_02_0224.png,front
0_01_02_0225.png,front
0_01_02_0226.png,front
0_01_02_0227.png,front
0_01_02_0228.png,front
0_01_02_0229.png,front
0_01_02_0230.png,front
0_01_02_0231.png,front
0_01_02_0232.png,front
0_01_02_0233.png,front
0_01_02_0234.png,front
0_01_02_0235.png,front
0_01_02_0236.png,front
0_01_02_0237.png,front
0_01_02_0238.png,front
0_01_02_0239.png,front
0_01_02_0240.png,front
0_01_02_0241.png,front
0_01_02_0242.png,front
0_01_02_0243.png,front
0_01_02_0244.png,front
0_01_02_0245.png,front
0_01_02_0246.png,front
0_01_02_0247.png,front
0_01_02_0248.png,front
0_01_02_0249.png,front
0_01_02_0250.png,front
0_01_02_0251.png,front
0_01_02_0252.png,front
0_01_02_0253.png,front
0_01_02_0254.png,front
0_01_02_0255.png,front
0_01_02_0256.png,front
0_01_02_0257.png,front
0_01_02_0258.png,front
0_01_02_0259.png,front
0_01_02_0260.png,front
0_01_02_0261.png,front
0_01_02_0262.png,front
0_01_02_0263.png,front
0_01_02_0363.png,back
0_01_02_0364.png,back
0_01_02_0365.png,back
0_01_02_0366.png,back
0_01_02_0367.png,back
0_01_02_0368.png,back
0_01_02_0369.png,back
0_01_02_0370.png,back
0_01_02_0371.png,back
0_01_02_0372.png,back
0_01_02_0373.png,back
0_01_02_0374.png,back
0_01_02_0375.png,back
0_01_02_0376.png,back
0_01_02_0377.png,back
0_01_02_0378.png,back
0_01_02_0379.png,back
0_01_02_0380.png,back
0_01_02_0381.png,back
0_01_02_0382.png,back
0_01_02_0383.png,back
0_01_02_0384.png,back
0_01_02_0385.png,back
0_01_02_0386.png,back
0_01_02_0387.png,back
0_01_02_0388.png,back
0_01_02_0389.png,back
0_01_02_0390.png,back
0_01_02_0391.png,back
0_01_02_0392.png,back
0_01_02_0393.png,back
0_01_02_0394.png,back
0_01_02_0395.png,back
0_01_02_0396.png,back
0_01_02_0397.png,back
0_01_02_0398.png,back
0_01_02_0399.png,back
0_01_02_0400.png,back
0_01_02_0401.png,back
0_01_02_0402.png,back
0_01_02_0403.png,back
0_01_02_0404.png,back
0_01_02_0405.png,back
0_01_02_0406.png,back
0_01_02_0407.png,back
0_01_02_0408.png,back
0_01_02_0409.png,back
0_01_02_0410.png,back
0_01_02_0411.png,back
0_01_02_0412.png,back
0_01_02_0413.png,back
0_01_02_0414.png,back
0_01_02_0415.png,back
0_01_02_0416.png,back
0_01_02_0417.png,back
0_01_02_0418.png,back
0_01_02_0419.png,back
0_01_02_0420.png,back
0_01_02_0421.png,back
0_01_02_0422.png,back
0_01_02_0423.png,back
0_01_02_0424.png,back
0_01_02_0425.png,back
0_01_02_0426.png,back
0_01_02_0427.png,back
0_01_02_0428.png,back
0_01_02_0429.png,back
0_01_02_0430.png,back
0_01_02_0431.png,back
0_01_02_0432.png,back
0_01_02_0433.png,back
0_01_02_0434.png,back
0_01_02_0435.png,back
0_01_02_0436.png,back
0_01_02_0437.png,back
0_01_02_0438.png,back
0_01_02_0439.png,back
0_01_02_0440.png,back
0_01_02_0441.png,back
0_01_02_0442.png,back
0_01_02_0443.png,back
0_01_02_0444.png,back
0_01_02_0445.png,back
0_01_02_0446.png,back
0_01_02_0447.png,back
0_01_02_0448.png,back
0_01_02_0449.png,back
0_01_02_0450.png,back
0_01_02_0451.png,back
0_01_02_0452.png,back
0_01_02_0453.png,back
0_01_02_0454.png,back
0_01_02_0455.png,back
0_01_02_0456.png,back
0_01_02_0457.png,back
0_01_02_0458.png,back
0_01_02_0459.png,back
0_01_02_0460.png,back
0_01_02_0461.png,back
0_01_02_0462.png,back
0_01_02_0463.png,back
0_01_02_0464.png,back
0_01_02_0465.png,back
0_01_02_0466.png,back
0_01_02_0467.png,back
0_01_02_0468.png,back
0_01_02_0469.png,back
0_01_02_0470.png,back
0_01_02_0471.png,back
0_01_02_0472.png,back
0_01_02_0473.png,back
0_01_02_0474.png,back
0_01_02_0475.png,back
0_01_02_0476.png,back
0_01_02_0477.png,back
0_01_02_0478.png,back
0_01_02_0479.png,back
0_01_02_0480.png,back
0_01_02_0481.png,back
0_01_02_0482.png,back
0_01_02_0483.png,back
0_01_02_0484.png,back
0_01_02_0485.png,back
0_01_02_0486.png,back
0_01_02_0487.png,back
0_01_02_0488.png,back
0_01_02_0489.png,back
0_01_02_0490.png,back
0_01_02_0491.png,back
0_01_02_0492.png,back
0_01_02_0493.png,back
0_01_02_0494.png,back
0_01_02_0495.png,back
0_01_02_0496.png,back
0_01_02_0497.png,back
0_01_02_0498.png,back
0_01_02_0499.png,back
0_01_02_0500.png,back
0_01_02_0501.png,back
0_01_02_0502.png,back
0_01_02_0503.png,back
0_01_02_0504.png,back
0_01_02_0505.png,back
0_01_02_0506.png,back
0_01_02_0507.png,back
0_01_02_0508.png,back
0_01_02_0509.png,back
0_01_02_0510.png,back
0_01_02_0511.png,back
0_01_02_0512.png,back
0_01_02_0513.png,back
0_01_02_0514.png,back
0_01_02_0515.png,back
0_01_02_0516.png,back
0_01_02_0517.png,back
0_01_02_0518.png,back
0_01_02_0519.png,back
0_01_02_0520.png,back
0_01_02_0521.png,back
0_01_02_0522.png,back
0_01_02_0523.png,back
0_01_02_0524.png,back
0_01_02_0525.png,back
0_01_02_0526.png,back
0_01_02_0527.png,back
0_01_02_0528.png,back
0_01_02_0529.png,back
0_01_02_0530.png,back
0_01_02_0531.png,back
0_01_02_0532.png,back
0_01_02_0533.png,back
0_01_02_0534.png,back
0_01_02_0535.png,back
0_01_02_0536.png,back
0_01_02_0537.png,back
0_01_02_0538.png,back
0_01_02_0539.png,back
0_01_02_0540.png,back
0_01_02_0541.png,back
0_01_02_0542.png,back
0_01_02_0543.png,back
0_01_02_0544.png,back
0_01_02_0545.png,back
0_01_02_0546.png,back
0_01_02_0547.png,back
0_01_02_0548.png,back
0_01_02_0549.png,back
0_01_02_0550.png,back
0_01_02_0551.png,back
0_01_02_0552.png,back
0_01_02_0553.png,back
0_01_02_0554.png,back
0_01_02_0555.png,back
0_01_02_0556.png,back
0_01_02_0557.png,back
0_01_02_0558.png,back
0_01_02_0559.png,back
0_01_02_0560.png,back
0_01_02_0561.png,back
0_01_02_0562.png,back
0_01_02_0563.png,back
0_01_02_0564.png,back
0_01_02_0565.png,back
0_01_02_0566.png,back
0_01_02_0567.png,back
0_01_02_0568.png,back
0_01_02_0569.png,back
0_01_02_0570.png,back
0_01_02_0571.png,back
0_01_02_0572.png,back
0_01_02_0573.png,back
0_01_02_0574.png,back
0_01_02_0575.png,back
0_01_02_0576.png,back
0_01_02_0577.png,back
0_01_02_0578.png,back
0_01_02_0579.png,back
0_01_02_0580.png,back
0_01_02_0581.png,back
0_01_02_0582.png,back
0_01_02_0583.png,back
0_01_02_0584.png,back
0_01_02_0585.png,back
0_01_02_0586.png,back
0_01_02_0587.png,back
0_01_03_0000.png,front
0_01_03_0001.png,front
0_01_03_0002.png,front
0_01_03_0003.png,front
0_01_03_0004.png,front
0_01_03_0005.png,front
0_01_03_0006.png,front
0_01_03_0007.png,front
0_01_03_0008.png,front
0_01_03_0009.png,front
0_01_03_0010.png,front
0_01_03_0011.png,front
0_01_03_0012.png,front
0_01_03_0013.png,front
0_01_03_0014.png,front
0_01_03_0015.png,front
0_01_03_0016.png,front
0_01_03_0017.png,front
0_01_03_0018.png,front
0_01_03_0019.png,front
0_01_03_0020.png,front
0_01_03_0021.png,front
0_01_03_0022.png,front
0_01_03_0023.png,front
0_01_03_0024.png,front
0_01_03_0025.png,front
0_01_03_0026.png,front
0_01_03_0027.png,front
0_01_03_0028.png,front
0_01_03_0029.png,front
0_01_03_0030.png,front
0_01_03_0031.png,front
0_01_03_0032.png,front
0_01_03_0033.png,front
0_01_03_0034.png,front
0_01_03_0035.png,front
0_01_03_0036.png,front
0_01_03_0037.png,front
0_01_03_0038.png,front
0_01_03_0039.png,front
0_01_03_0040.png,front
0_01_03_0041.png,front
0_01_03_0042.png,front
0_01_03_0043.png,front
0_01_03_0044.png,front
0_01_03_0045.png,front
0_01_03_0046.png,front
0_01_03_0047.png,front
0_01_03_0048.png,front
0_01_03_0049.png,front
0_01_03_0050.png,front
0_01_03_0051.png,front
0_01_03_0052.png,front
0_01_03_0053.png,front
0_01_03_0054.png,front
0_01_03_0055.png,front
0_01_03_0056.png,front
0_01_03_0057.png,front
0_01_03_0058.png,front
0_01_03_0059.png,front
0_01_03_0060.png,front
0_01_03_0061.png,front
0_01_03_0062.png,front
0_01_03_0063.png,front
0_01_03_0064.png,front
0_01_03_0065.png,front
0_01_03_0066.png,front
0_01_03_0067.png,front
0_01_03_0068.png,front
0_01_03_0069.png,front
0_01_03_0070.png,front
0_01_03_0071.png,front
0_01_03_0072.png,front
0_01_03_0073.png,front
0_01_03_0074.png,front
0_01_03_0075.png,front
0_01_03_0076.png,front
0_01_03_0077.png,front
0_01_03_0078.png,front
0_01_03_0079.png,front
0_01_03_0080.png,front
0_01_03_0081.png,front
0_01_03_0082.png,front
0_01_03_0083.png,front
0_01_03_0084.png,front
0_01_03_0085.png,front
0_01_03_0086.png,front
0_01_03_0087.png,front
0_01_03_0088.png,front
0_01_03_0089.png,front
0_01_03_0090.png,front
0_01_03_0091.png,front
0_01_03_0092.png,front
0_01_03_0093.png,front
0_01_03_0094.png,front
0_01_03_0095.png,front
0_01_03_0096.png,front
0_01_03_0097.png,front
0_01_03_0098.png,front
0_01_03_0099.png,front
0_01_03_0100.png,front
0_01_03_0101.png,front
0_01_03_0102.png,front
0_01_03_0103.png,front
0_01_03_0104.png,front
0_01_03_0105.png,front
0_01_03_0106.png,front
0_01_03_0107.png,front
0_01_03_0108.png,front
0_01_03_0109.png,front
0_01_03_0110.png,front
0_01_03_0111.png,front
0_01_03_0112.png,front
0_01_03_0113.png,front
0_01_03_0114.png,front
0_01_03_0115.png,front
0_01_03_0116.png,front
0_01_03_0117.png,front
0_01_03_0118.png,front
0_01_03_0119.png,front
0_01_03_0120.png,front
0_01_03_0121.png,front
0_01_03_0122.png,front
0_01_03_0123.png,front
0_01_03_0124.png,front
0_01_03_0125.png,front
0_01_03_0126.png,front
0_01_03_0127.png,front
0_01_03_0128.png,front
0_01_03_0129.png,front
0_01_03_0130.png,front
0_01_03_0131.png,front
0_01_03_0132.png,front
0_01_03_0133.png,front
0_01_03_0134.png,front
0_01_03_0135.png,front
0_01_03_0136.png,front
0_01_03_0137.png,front
0_01_03_0138.png,front
0_01_03_0139.png,front
0_01_03_0140.png,front
0_01_03_0141.png,front
0_01_03_0142.png,front
0_01_03_0143.png,front
0_01_03_0144.png,front
0_01_03_0145.png,front
0_01_03_0146.png,front
0_01_03_0147.png,front
0_01_03_0148.png,front
0_01_03_0149.png,front
0_01_03_0150.png,front
0_01_03_0151.png,front
0_01_03_0152.png,front
0_01_03_0153.png,front
0_01_03_0154.png,front
0_01_03_0155.png,front
0_01_03_0156.png,front
0_01_03_0157.png,front
0_01_03_0158.png,front
0_01_03_0159.png,front
0_01_03_0160.png,front
0_01_03_0161.png,front
0_01_03_0162.png,front
0_01_03_0163.png,front
0_01_03_0164.png,front
0_01_03_0165.png,front
0_01_03_0166.png,front
0_01_03_0167.png,front
0_01_03_0168.png,front
0_01_03_0169.png,front
0_01_03_0170.png,front
0_01_03_0171.png,front
0_01_03_0172.png,front
0_01_03_0173.png,front
0_01_03_0174.png,front
0_01_03_0175.png,front
0_01_03_0176.png,front
0_01_03_0177.png,front
0_01_03_0178.png,front
0_01_03_0179.png,front
0_01_03_0180.png,front
0_01_03_0181.png,front
0_01_03_0182.png,front
0_01_03_0183.png,front
0_01_03_0184.png,front
0_01_03_0185.png,front
0_01_03_0186.png,front
0_01_03_0187.png,front
0_01_03_0188.png,front
0_01_03_0189.png,front
0_01_03_0190.png,front
0_01_03_0191.png,front
0_01_03_0192.png,front
0_01_03_0193.png,front
0_01_03_0194.png,front
0_01_03_0195.png,front
0_01_03_0196.png,front
0_01_03_0197.png,front
0_01_03_0198.png,front
0_01_03_0199.png,front
0_01_03_0200.png,front
0_01_03_0201.png,front
0_01_03_0202.png,front
0_01_03_0203.png,front
0_01_03_0204.png,front
0_01_03_0205.png,front
0_01_03_0206.png,front
0_01_03_0207.png,front
0_01_03_0208.png,front
0_01_03_0209.png,front
0_01_03_0210.png,front
0_01_03_0211.png,front
0_01_03_0212.png,front
0_01_03_0213.png,front
0_01_03_0214.png,front
0_01_03_0215.png,front
0_01_03_0216.png,front
0_01_03_0217.png,front
0_01_03_0218.png,front
0_01_03_0219.png,front
0_01_03_0220.png,front
0_01_03_0221.png,front
0_01_03_0222.png,front
0_01_03_0223.png,front
0_01_03_0224.png,front
0_01_03_0225.png,front
0_01_03_0226.png,front
0_01_03_0227.png,front
0_01_03_0228.png,front
0_01_03_0229.png,front
0_01_03_0230.png,front
0_01_03_0231.png,front
0_01_03_0232.png,front
0_01_03_0233.png,front
0_01_03_0234.png,front
0_01_03_0235.png,front
0_01_03_0236.png,front
0_01_03_0237.png,front
0_01_03_0238.png,front
0_01_03_0239.png,front
0_01_03_0240.png,front
0_01_03_0241.png,front
0_01_03_0242.png,front
0_01_03_0243.png,front
0_01_03_0244.png,front
0_01_03_0245.png,front
0_01_03_0246.png,front
0_01_03_0247.png,front
0_01_03_0248.png,front
0_01_03_0249.png,front
0_01_03_0250.png,front
0_01_03_0251.png,front
0_01_03_0252.png,front
0_01_03_0253.png,front
0_01_03_0254.png,front
0_01_03_0255.png,front
0_01_03_0256.png,front
0_01_03_0257.png,front
0_01_03_0258.png,front
0_01_03_0259.png,front
0_01_03_0260.png,front
0_01_03_0261.png,front
0_01_03_0262.png,front
0_01_03_0263.png,front
0_01_03_0264.png,front
0_01_03_0265.png,front
0_01_03_0266.png,front
0_01_03_0267.png,front
0_01_03_0268.png,front
0_01_03_0269.png,front
0_01_03_0270.png,front
0_01_03_0271.png,front
0_01_03_0435.png,back
0_01_03_0436.png,back
0_01_03_0437.png,back
0_01_03_0438.png,back
0_01_03_0439.png,back
0_01_03_0440.png,back
0_01_03_0441.png,back
0_01_03_0442.png,back
0_01_03_0443.png,back
0_01_03_0444.png,back
0_01_03_0445.png,back
0_01_03_0446.png,back
0_01_03_0447.png,back
0_01_03_0448.png,back
0_01_03_0449.png,back
0_01_03_0450.png,back
0_01_03_0451.png,back
0_01_03_0452.png,back
0_01_03_0453.png,back
0_01_03_0454.png,back
0_01_03_0455.png,back
0_01_03_0456.png,back
0_01_03_0457.png,back
0_01_03_0458.png,back
0_01_03_0459.png,back
0_01_03_0460.png,back
0_01_03_0461.png,back
0_01_03_0462.png,back
0_01_03_0463.png,back
0_01_03_0464.png,back
0_01_03_0465.png,back
0_01_03_0466.png,back
0_01_03_0467.png,back
0_01_03_0468.png,back
0_01_03_0469.png,back
0_01_03_0470.png,back
0_01_03_0471.png,back
0_01_03_0472.png,back
0_01_03_0473.png,back
0_01_03_0474.png,back
0_01_03_0475.png,back
0_01_03_0476.png,back
0_01_03_0477.png,back
0_01_03_0478.png,back
0_01_03_0479.png,back
0_01_03_0480.png,back
0_01_03_0481.png,back
0_01_03_0482.png,back
0_01_03_0483.png,back
0_01_03_0484.png,back
0_01_03_0485.png,back
0_01_03_0486.png,back
0_01_03_0487.png,back
0_01_03_0488.png,back
0_01_03_0489.png,back
0_01_03_0490.png,back
0_01_03_0491.png,back
0_01_03_0492.png,back
0_01_03_0493.png,back
0_01_03_0494.png,back
0_01_03_0495.png,back
0_01_03_0496.png,back
0_01_03_0497.png,back
0_01_03_0498.png,back
0_01_03_0499.png,back
0_01_03_0500.png,back
0_01_03_0501.png,back
0_01_03_0502.png,back
0_01_03_0503.png,back
0_01_03_0504.png,back
0_01_03_0505.png,back
0_01_03_0506.png,back
0_01_03_0507.png,back
0_01_03_0508.png,back
0_01_03_0509.png,back
0_01_03_0510.png,back
0_01_03_0511.png,back
0_01_03_0512.png,back
0_01_03_0513.png,back
0_01_03_0514.png,back
0_01_03_0515.png,back
0_01_03_0516.png,back
0_01_03_0517.png,back
0_01_03_0518.png,back
0_01_03_0519.png,back
0_01_03_0520.png,back
0_01_03_0521.png,back
0_01_03_0522.png,back
0_01_03_0523.png,back
0_01_03_0524.png,back
0_01_03_0525.png,back
0_01_03_0526.png,back
0_01_03_0527.png,back
0_01_03_0528.png,back
0_01_03_0529.png,back
0_01_03_0530.png,back
0_01_03_0531.png,back
0_01_03_0532.png,back
0_01_03_0533.png,back
0_01_03_0534.png,back
0_01_03_0535.png,back
0_01_03_0536.png,back
0_01_03_0537.png,back
0_01_03_0538.png,back
0_01_03_0539.png,back
0_01_03_0540.png,back
0_01_03_0541.png,back
0_01_03_0542.png,back
0_01_03_0543.png,back
0_01_03_0544.png,back
0_01_03_0545.png,back
0_01_03_0546.png,back
0_01_03_0547.png,back
0_01_03_0548.png,back
0_01_03_0549.png,back
0_01_03_0550.png,back
0_01_03_0551.png,back
0_01_03_0552.png,back
0_01_03_0553.png,back
0_01_03_0554.png,back
0_01_03_0555.png,back
0_01_03_0556.png,back
0_01_03_0557.png,back
0_01_03_0558.png,back
0_01_03_0559.png,back
0_01_03_0560.png,back
0_01_03_0561.png,back
0_01_03_0562.png,back
0_01_03_0563.png,back
0_01_03_0564.png,back
0_01_03_0565.png,back
0_01_03_0566.png,back
0_01_03_0567.png,back
0_01_03_0568.png,back
0_01_03_0569.png,back
0_01_03_0570.png,back
0_01_03_0571.png,back
0_01_03_0572.png,back
0_01_03_0573.png,back
0_01_03_0574.png,back
0_01_03_0575.png,back
0_01_03_0576.png,back
0_01_03_0577.png,back
0_01_03_0578.png,back
0_01_03_0579.png,back
0_01_03_0580.png,back
0_01_03_0581.png,back
0_01_03_0582.png,back
0_01_03_0583.png,back
0_01_03_0584.png,back
0_01_03_0585.png,back
0_01_03_0586.png,back
0_01_03_0587.png,back
0_01_03_0588.png,back
0_01_03_0589.png,back
0_01_03_0590.png,back
0_01_03_0591.png,back
0_01_03_0592.png,back
0_01_03_0593.png,back
0_01_03_0594.png,back
0_01_03_0595.png,back
0_01_03_0596.png,back
0_01_03_0597.png,back
0_01_03_0598.png,back
0_01_03_0599.png,back
0_01_03_0600.png,back
0_01_03_0601.png,back
0_01_03_0602.png,back
0_01_03_0603.png,back
0_01_03_0604.png,back
0_01_03_0605.png,back
0_01_03_0606.png,back
0_01_03_0607.png,back
0_01_03_0608.png,back
0_01_03_0609.png,back
0_01_03_0610.png,back
0_01_03_0611.png,back
0_01_03_0612.png,back
0_01_03_0613.png,back
0_01_03_0614.png,back
0_01_03_0615.png,back
0_01_03_0616.png,back
0_01_03_0617.png,back
0_01_03_0618.png,back
0_01_03_0619.png,back
0_01_03_0620.png,back
0_01_03_0621.png,back
0_01_03_0622.png,back
0_01_03_0623.png,back
0_01_03_0624.png,back
0_01_03_0625.png,back
0_01_03_0626.png,back
0_01_03_0627.png,back
0_01_03_0628.png,back
0_01_03_0629.png,back
0_01_03_0630.png,back
0_01_03_0631.png,back
0_01_03_0632.png,back
0_01_03_0633.png,back
0_01_03_0634.png,back
0_01_03_0635.png,back
0_01_03_0636.png,back
0_01_03_0637.png,back
0_01_03_0638.png,back
0_01_03_0639.png,back
0_01_03_0640.png,back
0_01_03_0641.png,back
0_01_03_0642.png,back
0_01_03_0643.png,back
0_01_03_0644.png,back
0_01_03_0645.png,back
0_01_03_0646.png,back
0_01_03_0647.png,back
0_01_03_0648.png,back
0_01_03_0649.png,back
0_01_03_0650.png,back
0_01_03_0651.png,back
0_01_03_0652.png,back
0_01_03_0653.png,back
0_01_03_0654.png,back
0_01_03_0655.png,back
0_01_03_0656.png,back
0_01_03_0657.png,back
0_01_03_0658.png,back
0_01_03_0659.png,back
0_01_03_0660.png,back
0_01_03_0661.png,back
0_01_03_0662.png,back
0_01_03_0663.png,back
0_01_03_0664.png,back
0_01_03_0665.png,back
0_01_03_0666.png,back
0_01_03_0667.png,back
0_01_03_0668.png,back
0_01_03_0669.png,back
0_01_03_0670.png,back
0_01_03_0671.png,back
0_01_04_0000.png,front
0_01_04_0001.png,front
0_01_04_0002.png,front
0_01_04_0003.png,front
0_01_04_0004.png,front
0_01_04_0005.png,front
0_01_04_0006.png,front
0_01_04_0007.png,front
0_01_04_0008.png,front
0_01_04_0009.png,front
0_01_04_0010.png,front
0_01_04_0011.png,front
0_01_04_0012.png,front
0_01_04_0013.png,front
0_01_04_0014.png,front
0_01_04_0015.png,front
0_01_04_0016.png,front
0_01_04_0017.png,front
0_01_04_0018.png,front
0_01_04_0019.png,front
0_01_04_0020.png,front
0_01_04_0021.png,front
0_01_04_0022.png,front
0_01_04_0023.png,front
0_01_04_0024.png,front
0_01_04_0025.png,front
0_01_04_0026.png,front
0_01_04_0027.png,front
0_01_04_0028.png,front
0_01_04_0029.png,front
0_01_04_0030.png,front
0_01_04_0031.png,front
0_01_04_0032.png,front
0_01_04_0033.png,front
0_01_04_0034.png,front
0_01_04_0035.png,front
0_01_04_0036.png,front
0_01_04_0037.png,front
0_01_04_0038.png,front
0_01_04_0039.png,front
0_01_04_0040.png,front
0_01_04_0041.png,front
0_01_04_0042.png,front
0_01_04_0043.png,front
0_01_04_0044.png,front
0_01_04_0045.png,front
0_01_04_0046.png,front
0_01_04_0047.png,front
0_01_04_0048.png,front
0_01_04_0049.png,front
0_01_04_0050.png,front
0_01_04_0051.png,front
0_01_04_0052.png,front
0_01_04_0053.png,front
0_01_04_0054.png,front
0_01_04_0055.png,front
0_01_04_0056.png,front
0_01_04_0057.png,front
0_01_04_0058.png,front
0_01_04_0059.png,front
0_01_04_0060.png,front
0_01_04_0061.png,front
0_01_04_0062.png,front
0_01_04_0063.png,front
0_01_04_0064.png,front
0_01_04_0065.png,front
0_01_04_0066.png,front
0_01_04_0067.png,front
0_01_04_0068.png,front
0_01_04_0069.png,front
0_01_04_0070.png,front
0_01_04_0071.png,front
0_01_04_0072.png,front
0_01_04_0073.png,front
0_01_04_0074.png,front
0_01_04_0075.png,front
0_01_04_0076.png,front
0_01_04_0077.png,front
0_01_04_0078.png,front
0_01_04_0079.png,front
0_01_04_0080.png,front
0_01_04_0081.png,front
0_01_04_0082.png,front
0_01_04_0083.png,front
0_01_04_0084.png,front
0_01_04_0085.png,front
0_01_04_0086.png,front
0_01_04_0087.png,front
0_01_04_0088.png,front
0_01_04_0089.png,front
0_01_04_0090.png,front
0_01_04_0091.png,front
0_01_04_0092.png,front
0_01_04_0093.png,front
0_01_04_0094.png,front
0_01_04_0095.png,front
0_01_04_0096.png,front
0_01_04_0097.png,front
0_01_04_0098.png,front
0_01_04_0099.png,front
0_01_04_0100.png,front
0_01_04_0101.png,front
0_01_04_0102.png,front
0_01_04_0103.png,front
0_01_04_0104.png,front
0_01_04_0105.png,front
0_01_04_0106.png,front
0_01_04_0107.png,front
0_01_04_0108.png,front
0_01_04_0109.png,front
0_01_04_0110.png,front
0_01_04_0111.png,front
0_01_04_0112.png,front
0_01_04_0113.png,front
0_01_04_0114.png,front
0_01_04_0115.png,front
0_01_04_0116.png,front
0_01_04_0117.png,front
0_01_04_0118.png,front
0_01_04_0119.png,front
0_01_04_0120.png,front
0_01_04_0121.png,front
0_01_04_0122.png,front
0_01_04_0123.png,front
0_01_04_0124.png,front
0_01_04_0125.png,front
0_01_04_0126.png,front
0_01_04_0127.png,front
0_01_04_0128.png,front
0_01_04_0129.png,front
0_01_04_0130.png,front
0_01_04_0131.png,front
0_01_04_0132.png,front
0_01_04_0133.png,front
0_01_04_0134.png,front
0_01_04_0135.png,front
0_01_04_0136.png,front
0_01_04_0137.png,front
0_01_04_0138.png,front
0_01_04_0139.png,front
0_01_04_0140.png,front
0_01_04_0141.png,front
0_01_04_0142.png,front
0_01_04_0143.png,front
0_01_04_0144.png,front
0_01_04_0145.png,front
0_01_04_0146.png,front
0_01_04_0147.png,front
0_01_04_0148.png,front
0_01_04_0149.png,front
0_01_04_0150.png,front
0_01_04_0151.png,front
0_01_04_0152.png,front
0_01_04_0153.png,front
0_01_04_0154.png,front
0_01_04_0155.png,front
0_01_04_0156.png,front
0_01_04_0157.png,front
0_01_04_0158.png,front
0_01_04_0159.png,front
0_01_04_0160.png,front
0_01_04_0161.png,front
0_01_04_0162.png,front
0_01_04_0163.png,front
0_01_04_0164.png,front
0_01_04_0165.png,front
0_01_04_0166.png,front
0_01_04_0167.png,front
0_01_04_0168.png,front
0_01_04_0169.png,front
0_01_04_0170.png,front
0_01_04_0171.png,front
0_01_04_0172.png,front
0_01_04_0173.png,front
0_01_04_0174.png,front
0_01_04_0175.png,front
0_01_04_0176.png,front
0_01_04_0177.png,front
0_01_04_0178.png,front
0_01_04_0179.png,front
0_01_04_0180.png,front
0_01_04_0181.png,front
0_01_04_0182.png,front
0_01_04_0183.png,front
0_01_04_0184.png,front
0_01_04_0185.png,front
0_01_04_0186.png,front
0_01_04_0187.png,front
0_01_04_0188.png,front
0_01_04_0189.png,front
0_01_04_0190.png,front
0_01_04_0191.png,front
0_01_04_0192.png,front
0_01_04_0193.png,front
0_01_04_0194.png,front
0_01_04_0195.png,front
0_01_04_0196.png,front
0_01_04_0197.png,front
0_01_04_0198.png,front
0_01_04_0199.png,front
0_01_04_0200.png,front
0_01_04_0201.png,front
0_01_04_0202.png,front
0_01_04_0203.png,front
0_01_04_0204.png,front
0_01_04_0205.png,front
0_01_04_0206.png,front
0_01_04_0207.png,front
0_01_04_0208.png,front
0_01_04_0209.png,front
0_01_04_0210.png,front
0_01_04_0211.png,front
0_01_04_0212.png,front
0_01_04_0213.png,front
0_01_04_0214.png,front
0_01_04_0215.png,front
0_01_04_0216.png,front
0_01_04_0217.png,front
0_01_04_0218.png,front
0_01_04_0219.png,front
0_01_04_0220.png,front
0_01_04_0221.png,front
0_01_04_0222.png,front
0_01_04_0223.png,front
0_01_04_0224.png,front
0_01_04_0225.png,front
0_01_04_0226.png,front
0_01_04_0227.png,front
0_01_04_0228.png,front
0_01_04_0229.png,front
0_01_04_0230.png,front
0_01_04_0231.png,front
0_01_04_0232.png,front
0_01_04_0233.png,front
0_01_04_0234.png,front
0_01_04_0235.png,front
0_01_04_0236.png,front
0_01_04_0237.png,front
0_01_04_0238.png,front
0_01_04_0239.png,front
0_01_04_0240.png,front
0_01_04_0241.png,front
0_01_04_0242.png,front
0_01_04_0243.png,front
0_01_04_0244.png,front
0_01_04_0245.png,front
0_01_04_0246.png,front
0_01_04_0247.png,front
0_01_04_0248.png,front
0_01_04_0249.png,front
0_01_04_0250.png,front
0_01_04_0251.png,front
0_01_04_0252.png,front
0_01_04_0253.png,front
0_01_04_0254.png,front
0_01_04_0255.png,front
0_01_04_0256.png,front
0_01_04_0257.png,front
0_01_04_0258.png,front
0_01_04_0259.png,front
0_01_04_0260.png,front
0_01_04_0261.png,front
0_01_04_0262.png,front
0_01_04_0263.png,front
0_01_04_0264.png,front
0_01_04_0265.png,front
0_01_04_0266.png,front
0_01_04_0267.png,front
0_01_04_0268.png,front
0_01_04_0269.png,front
0_01_04_0270.png,front
0_01_04_0271.png,front
0_01_04_0272.png,front
0_01_04_0273.png,front
0_01_04_0274.png,front
0_01_04_0275.png,front
0_01_04_0276.png,front
0_01_04_0277.png,front
0_01_04_0278.png,front
0_01_04_0279.png,front
0_01_04_0280.png,front
0_01_04_0281.png,front
0_01_04_0282.png,front
0_01_04_0283.png,front
0_01_04_0284.png,front
0_01_04_0285.png,front
0_01_04_0286.png,front
0_01_04_0287.png,front
0_01_04_0288.png,front
0_01_04_0289.png,front
0_01_04_0290.png,front
0_01_04_0291.png,front
0_01_04_0292.png,front
0_01_04_0293.png,front
0_01_04_0294.png,front
0_01_04_0295.png,front
0_01_04_0296.png,front
0_01_04_0297.png,front
0_01_04_0298.png,front
0_01_04_0299.png,front
0_01_04_0300.png,front
0_01_04_0301.png,front
0_01_04_0302.png,front
0_01_04_0303.png,front
0_01_04_0304.png,front
0_01_04_0305.png,front
0_01_04_0306.png,front
0_01_04_0307.png,front
0_01_04_0308.png,front
0_01_04_0309.png,front
0_01_04_0310.png,front
0_01_04_0311.png,front
0_01_04_0312.png,front
0_01_04_0313.png,front
0_01_04_0314.png,front
0_01_04_0315.png,front
0_01_04_0316.png,front
0_01_04_0317.png,front
0_01_04_0318.png,front
0_01_04_0319.png,front
0_01_04_0320.png,front
0_01_04_0321.png,front
0_01_04_0322.png,front
0_01_04_0323.png,front
0_01_04_0424.png,back
0_01_04_0425.png,back
0_01_04_0426.png,back
0_01_04_0427.png,back
0_01_04_0428.png,back
0_01_04_0429.png,back
0_01_04_0430.png,back
0_01_04_0431.png,back
0_01_04_0432.png,back
0_01_04_0433.png,back
0_01_04_0434.png,back
0_01_04_0435.png,back
0_01_04_0436.png,back
0_01_04_0437.png,back
0_01_04_0438.png,back
0_01_04_0439.png,back
0_01_04_0440.png,back
0_01_04_0441.png,back
0_01_04_0442.png,back
0_01_04_0443.png,back
0_01_04_0444.png,back
0_01_04_0445.png,back
0_01_04_0446.png,back
0_01_04_0447.png,back
0_01_04_0448.png,back
0_01_04_0449.png,back
0_01_04_0450.png,back
0_01_04_0451.png,back
0_01_04_0452.png,back
0_01_04_0453.png,back
0_01_04_0454.png,back
0_01_04_0455.png,back
0_01_04_0456.png,back
0_01_04_0457.png,back
0_01_04_0458.png,back
0_01_04_0459.png,back
0_01_04_0460.png,back
0_01_04_0461.png,back
0_01_04_0462.png,back
0_01_04_0463.png,back
0_01_04_0464.png,back
0_01_04_0465.png,back
0_01_04_0466.png,back
0_01_04_0467.png,back
0_01_04_0468.png,back
0_01_04_0469.png,back
0_01_04_0470.png,back
0_01_04_0471.png,back
0_01_04_0472.png,back
0_01_04_0473.png,back
0_01_04_0474.png,back
0_01_04_0475.png,back
0_01_04_0476.png,back
0_01_04_0477.png,back
0_01_04_0478.png,back
0_01_04_0479.png,back
0_01_04_0480.png,back
0_01_04_0481.png,back
0_01_04_0482.png,back
0_01_04_0483.png,back
0_01_04_0484.png,back
0_01_04_0485.png,back
0_01_04_0486.png,back
0_01_04_0487.png,back
0_01_04_0488.png,back
0_01_04_0489.png,back
0_01_04_0490.png,back
0_01_04_0491.png,back
0_01_04_0492.png,back
0_01_04_0493.png,back
0_01_04_0494.png,back
0_01_04_0495.png,back
0_01_04_0496.png,back
0_01_04_0497.png,back
0_01_04_0498.png,back
0_01_04_0499.png,back
0_01_04_0500.png,back
0_01_04_0501.png,back
0_01_04_0502.png,back
0_01_04_0503.png,back
0_01_04_0504.png,back
0_01_04_0505.png,back
0_01_04_0506.png,back
0_01_04_0507.png,back
0_01_04_0508.png,back
0_01_04_0509.png,back
0_01_04_0510.png,back
0_01_04_0511.png,back
0_01_04_0512.png,back
0_01_04_0513.png,back
0_01_04_0514.png,back
0_01_04_0515.png,back
0_01_04_0516.png,back
0_01_04_0517.png,back
0_01_04_0518.png,back
0_01_04_0519.png,back
0_01_04_0520.png,back
0_01_04_0521.png,back
0_01_04_0522.png,back
0_01_04_0523.png,back
0_01_04_0524.png,back
0_01_04_0525.png,back
0_01_04_0526.png,back
0_01_04_0527.png,back
0_01_04_0528.png,back
0_01_04_0529.png,back
0_01_04_0530.png,back
0_01_04_0531.png,back
0_01_04_0532.png,back
0_01_04_0533.png,back
0_01_04_0534.png,back
0_01_04_0535.png,back
0_01_04_0536.png,back
0_01_04_0537.png,back
0_01_04_0538.png,back
0_01_04_0539.png,back
0_01_04_0540.png,back
0_01_04_0541.png,back
0_01_04_0542.png,back
0_01_04_0543.png,back
0_01_04_0544.png,back
0_01_04_0545.png,back
0_01_04_0546.png,back
0_01_04_0547.png,back
0_01_04_0548.png,back
0_01_04_0549.png,back
0_01_04_0550.png,back
0_01_04_0551.png,back
0_01_04_0552.png,back
0_01_04_0553.png,back
0_01_04_0554.png,back
0_01_04_0555.png,back
0_01_04_0556.png,back
0_01_04_0557.png,back
0_01_04_0558.png,back
0_01_04_0559.png,back
0_01_04_0560.png,back
0_01_04_0561.png,back
0_01_04_0562.png,back
0_01_04_0563.png,back
0_01_04_0564.png,back
0_01_04_0565.png,back
0_01_04_0566.png,back
0_01_04_0567.png,back
0_01_04_0568.png,back
0_01_04_0569.png,back
0_01_04_0570.png,back
0_01_04_0571.png,back
0_01_04_0572.png,back
0_01_04_0573.png,back
0_01_04_0574.png,back
0_01_04_0575.png,back
0_01_04_0576.png,back
0_01_04_0577.png,back
0_01_04_0578.png,back
0_01_04_0579.png,back
0_01_04_0580.png,back
0_01_04_0581.png,back
0_01_04_0582.png,back
0_01_04_0583.png,back
0_01_04_0584.png,back
0_01_04_0585.png,back
0_01_04_0586.png,back
0_01_04_0587.png,back
0_01_04_0588.png,back
0_01_04_0589.png,back
0_01_04_0590.png,back
0_01_04_0591.png,back
0_01_04_0592.png,back
0_01_04_0593.png,back
0_01_04_0594.png,back
0_01_04_0595.png,back
0_01_04_0596.png,back
0_01_04_0597.png,back
0_01_04_0598.png,back
0_01_04_0599.png,back
0_01_04_0600.png,back
0_01_04_0601.png,back
0_01_04_0602.png,back
0_01_04_0603.png,back
0_01_04_0604.png,back
0_01_04_0605.png,back
0_01_04_0606.png,back
0_01_04_0607.png,back
0_01_04_0608.png,back
0_01_04_0609.png,back
0_01_04_0610.png,back
0_01_04_0611.png,back
0_01_04_0612.png,back
0_01_04_0613.png,back
0_01_04_0614.png,back
0_01_04_0615.png,back
0_01_04_0616.png,back
0_01_04_0617.png,back
0_01_04_0618.png,back
0_01_04_0619.png,back
0_01_04_0620.png,back
0_01_04_0621.png,back
0_01_04_0622.png,back
0_01_04_0623.png,back
0_01_04_0624.png,back
0_01_04_0625.png,back
0_01_04_0626.png,back
0_01_04_0627.png,back
0_01_04_0628.png,back
0_01_04_0629.png,back
0_01_04_0630.png,back
0_01_04_0631.png,back
0_01_04_0632.png,back
0_01_04_0633.png,back
0_01_04_0634.png,back
0_01_04_0635.png,back
0_01_04_0636.png,back
0_01_04_0637.png,back
0_01_04_0638.png,back
0_01_04_0639.png,back
0_01_04_0640.png,back
0_01_04_0641.png,back
0_01_04_0642.png,back
0_01_04_0643.png,back
0_01_04_0644.png,back
0_01_04_0645.png,back
0_01_04_0646.png,back
0_01_04_0647.png,back
0_01_04_0648.png,back
0_01_04_0649.png,back
0_01_04_0650.png,back
0_01_04_0651.png,back
0_01_04_0652.png,back
0_01_04_0653.png,back
0_01_04_0654.png,back
0_01_04_0655.png,back
0_01_04_0656.png,back
0_01_04_0657.png,back
0_01_04_0658.png,back
0_01_04_0659.png,back
0_01_04_0660.png,back
0_01_04_0661.png,back
0_01_04_0662.png,back
0_01_04_0663.png,back
0_01_04_0664.png,back
0_01_04_0665.png,back
0_01_04_0666.png,back
0_01_04_0667.png,back
0_01_04_0668.png,back
0_01_04_0669.png,back
0_01_05_0000.png,front
0_01_05_0001.png,front
0_01_05_0002.png,front
0_01_05_0003.png,front
0_01_05_0004.png,front
0_01_05_0005.png,front
0_01_05_0006.png,front
0_01_05_0007.png,front
0_01_05_0008.png,front
0_01_05_0009.png,front
0_01_05_0010.png,front
0_01_05_0011.png,front
0_01_05_0012.png,front
0_01_05_0013.png,front
0_01_05_0014.png,front
0_01_05_0015.png,front
0_01_05_0016.png,front
0_01_05_0017.png,front
0_01_05_0018.png,front
0_01_05_0019.png,front
0_01_05_0020.png,front
0_01_05_0021.png,front
0_01_05_0022.png,front
0_01_05_0023.png,front
0_01_05_0024.png,front
0_01_05_0025.png,front
0_01_05_0026.png,front
0_01_05_0027.png,front
0_01_05_0028.png,front
0_01_05_0029.png,front
0_01_05_0030.png,front
0_01_05_0031.png,front
0_01_05_0032.png,front
0_01_05_0033.png,front
0_01_05_0034.png,front
0_01_05_0035.png,front
0_01_05_0036.png,front
0_01_05_0037.png,front
0_01_05_0038.png,front
0_01_05_0039.png,front
0_01_05_0040.png,front
0_01_05_0041.png,front
0_01_05_0042.png,front
0_01_05_0043.png,front
0_01_05_0044.png,front
0_01_05_0045.png,front
0_01_05_0046.png,front
0_01_05_0047.png,front
0_01_05_0048.png,front
0_01_05_0049.png,front
0_01_05_0050.png,front
0_01_05_0051.png,front
0_01_05_0052.png,front
0_01_05_0053.png,front
0_01_05_0054.png,front
0_01_05_0055.png,front
0_01_05_0056.png,front
0_01_05_0057.png,front
0_01_05_0058.png,front
0_01_05_0059.png,front
0_01_05_0060.png,front
0_01_05_0061.png,front
0_01_05_0085.png,back
0_01_05_0086.png,back
0_01_05_0087.png,back
0_01_05_0088.png,back
0_01_05_0089.png,back
0_01_05_0090.png,back
0_01_05_0091.png,back
0_01_05_0092.png,back
0_01_05_0093.png,back
0_01_05_0094.png,back
0_01_05_0095.png,back
0_01_05_0096.png,back
0_01_05_0097.png,back
0_01_05_0098.png,back
0_01_05_0099.png,back
0_01_05_0100.png,back
0_01_05_0101.png,back
0_01_05_0102.png,back
0_01_05_0103.png,back
0_01_05_0104.png,back
0_01_05_0105.png,back
0_01_05_0106.png,back
0_01_05_0107.png,back
0_01_05_0108.png,back
0_01_05_0109.png,back
0_01_05_0110.png,back
0_01_05_0111.png,back
0_01_05_0112.png,back
0_01_05_0113.png,back
0_01_05_0114.png,back
0_01_05_0115.png,back
0_01_05_0116.png,back
0_01_05_0117.png,back
0_01_05_0118.png,back
0_01_05_0119.png,back
0_01_05_0120.png,back
0_01_05_0121.png,back
0_01_05_0122.png,back
0_01_05_0123.png,back
0_01_05_0124.png,back
0_01_05_0125.png,back
0_01_05_0126.png,back
0_01_05_0127.png,back
0_01_05_0128.png,back
0_01_05_0129.png,back
0_01_05_0130.png,back
0_01_06_0000.png,front
0_01_06_0001.png,front
0_01_06_0002.png,front
0_01_06_0003.png,front
0_01_06_0004.png,front
0_01_06_0005.png,front
0_01_06_0006.png,front
0_01_06_0007.png,front
0_01_06_0008.png,front
0_01_06_0009.png,front
0_01_06_0010.png,front
0_01_06_0011.png,front
0_01_06_0012.png,front
0_01_06_0013.png,front
0_01_06_0014.png,front
0_01_06_0015.png,front
0_01_06_0016.png,front
0_01_06_0017.png,front
0_01_06_0018.png,front
0_01_06_0019.png,front
0_01_06_0020.png,front
0_01_06_0021.png,front
0_01_06_0022.png,front
0_01_06_0023.png,front
0_01_06_0024.png,front
0_01_06_0025.png,front
0_01_06_0026.png,front
0_01_06_0027.png,front
0_01_06_0028.png,front
0_01_06_0029.png,front
0_01_06_0030.png,front
0_01_06_0031.png,front
0_01_06_0032.png,front
0_01_06_0033.png,front
0_01_06_0034.png,front
0_01_06_0035.png,front
0_01_06_0036.png,front
0_01_06_0037.png,front
0_01_06_0038.png,front
0_01_06_0039.png,front
0_01_06_0040.png,front
0_01_06_0041.png,front
0_01_06_0042.png,front
0_01_06_0043.png,front
0_01_06_0044.png,front
0_01_06_0045.png,front
0_01_06_0046.png,front
0_01_06_0047.png,front
0_01_06_0048.png,front
0_01_06_0049.png,front
0_01_06_0050.png,front
0_01_06_0051.png,front
0_01_06_0052.png,front
0_01_06_0053.png,front
0_01_06_0054.png,front
0_01_06_0055.png,front
0_01_06_0056.png,front
0_01_06_0057.png,front
0_01_06_0058.png,front
0_01_06_0078.png,back
0_01_06_0079.png,back
0_01_06_0080.png,back
0_01_06_0081.png,back
0_01_06_0082.png,back
0_01_06_0083.png,back
0_01_06_0084.png,back
0_01_06_0085.png,back
0_01_06_0086.png,back
0_01_06_0087.png,back
0_01_06_0088.png,back
0_01_06_0089.png,back
0_01_06_0090.png,back
0_01_06_0091.png,back
0_01_06_0092.png,back
0_01_06_0093.png,back
0_01_06_0094.png,back
0_01_06_0095.png,back
0_01_06_0096.png,back
0_01_06_0097.png,back
0_01_06_0098.png,back
0_01_06_0099.png,back
0_01_06_0100.png,back
0_01_06_0101.png,back
0_01_06_0102.png,back
0_01_06_0103.png,back
0_01_06_0104.png,back
0_01_06_0105.png,back
0_01_06_0106.png,back
0_01_06_0107.png,back
0_01_06_0108.png,back
0_01_06_0109.png,back
0_01_06_0110.png,back
0_01_06_0111.png,back
0_01_06_0112.png,back
0_01_06_0113.png,back
0_01_06_0114.png,back
0_01_06_0115.png,back
0_01_06_0116.png,back
0_01_06_0117.png,back
0_01_06_0118.png,back
0_01_06_0119.png,back
0_01_06_0120.png,back
0_01_06_0121.png,back
0_01_06_0122.png,back
0_01_07_0000.png,front
0_01_07_0001.png,front
0_01_07_0002.png,front
0_01_07_0003.png,front
0_01_07_0004.png,front
0_01_07_0005.png,front
0_01_07_0006.png,front
0_01_07_0007.png,front
0_01_07_0008.png,front
0_01_07_0009.png,front
0_01_07_0010.png,front
0_01_07_0011.png,front
0_01_07_0012.png,front
0_01_07_0013.png,front
0_01_07_0014.png,front
0_01_07_0015.png,front
0_01_07_0016.png,front
0_01_07_0017.png,front
0_01_07_0018.png,front
0_01_07_0019.png,front
0_01_07_0020.png,front
0_01_07_0021.png,front
0_01_07_0022.png,front
0_01_07_0023.png,front
0_01_07_0024.png,front
0_01_07_0025.png,front
0_01_07_0026.png,front
0_01_07_0027.png,front
0_01_07_0028.png,front
0_01_07_0029.png,front
0_01_07_0030.png,front
0_01_07_0031.png,front
0_01_07_0032.png,front
0_01_07_0033.png,front
0_01_07_0034.png,front
0_01_07_0035.png,front
0_01_07_0036.png,front
0_01_07_0037.png,front
0_01_07_0038.png,front
0_01_07_0039.png,front
0_01_07_0040.png,front
0_01_07_0041.png,front
0_01_07_0042.png,front
0_01_07_0043.png,front
0_01_07_0044.png,front
0_01_07_0045.png,front
0_01_07_0046.png,front
0_01_07_0047.png,front
0_01_07_0048.png,front
0_01_07_0049.png,front
0_01_07_0050.png,front
0_01_07_0051.png,front
0_01_07_0052.png,front
0_01_07_0053.png,front
0_01_07_0054.png,front
0_01_07_0055.png,front
0_01_07_0056.png,front
0_01_07_0057.png,front
0_01_07_0058.png,front
0_01_07_0059.png,front
0_01_07_0060.png,front
0_01_07_0061.png,front
0_01_07_0062.png,front
0_01_07_0063.png,front
0_01_07_0064.png,front
0_01_07_0065.png,front
0_01_07_0083.png,back
0_01_07_0084.png,back
0_01_07_0085.png,back
0_01_07_0086.png,back
0_01_07_0087.png,back
0_01_07_0088.png,back
0_01_07_0089.png,back
0_01_07_0090.png,back
0_01_07_0091.png,back
0_01_07_0092.png,back
0_01_07_0093.png,back
0_01_07_0094.png,back
0_01_07_0095.png,back
0_01_07_0096.png,back
0_01_07_0097.png,back
0_01_07_0098.png,back
0_01_07_0099.png,back
0_01_07_0100.png,back
0_01_07_0101.png,back
0_01_07_0102.png,back
0_01_07_0103.png,back
0_01_07_0104.png,back
0_01_07_0105.png,back
0_01_07_0106.png,back
0_01_07_0107.png,back
0_01_07_0108.png,back
0_01_07_0109.png,back
0_01_07_0110.png,back
0_01_07_0111.png,back
0_01_07_0112.png,back
0_01_07_0113.png,back
0_01_07_0114.png,back
0_01_07_0115.png,back
0_01_07_0116.png,back
0_01_07_0117.png,back
0_01_07_0118.png,back
0_01_07_0119.png,back
0_01_07_0120.png,back
0_01_07_0121.png,back
0_01_07_0122.png,back
0_01_07_0123.png,back
0_01_07_0124.png,back
0_01_08_0000.png,front
0_01_08_0001.png,front
0_01_08_0002.png,front
0_01_08_0003.png,front
0_01_08_0004.png,front
0_01_08_0005.png,front
0_01_08_0006.png,front
0_01_08_0007.png,front
0_01_08_0008.png,front
0_01_08_0009.png,front
0_01_08_0010.png,front
0_01_08_0011.png,front
0_01_08_0012.png,front
0_01_08_0013.png,front
0_01_08_0014.png,front
0_01_08_0015.png,front
0_01_08_0016.png,front
0_01_08_0017.png,front
0_01_08_0018.png,front
0_01_08_0019.png,front
0_01_08_0020.png,front
0_01_08_0021.png,front
0_01_08_0022.png,front
0_01_08_0023.png,front
0_01_08_0024.png,front
0_01_08_0025.png,front
0_01_08_0026.png,front
0_01_08_0027.png,front
0_01_08_0028.png,front
0_01_08_0029.png,front
0_01_08_0030.png,front
0_01_08_0031.png,front
0_01_08_0032.png,front
0_01_08_0033.png,front
0_01_08_0034.png,front
0_01_08_0035.png,front
0_01_08_0036.png,front
0_01_08_0037.png,front
0_01_08_0038.png,front
0_01_08_0039.png,front
0_01_08_0040.png,front
0_01_08_0041.png,front
0_01_08_0042.png,front
0_01_08_0043.png,front
0_01_08_0044.png,front
0_01_08_0045.png,front
0_01_08_0046.png,front
0_01_08_0047.png,front
0_01_08_0048.png,front
0_01_08_0049.png,front
0_01_08_0050.png,front
0_01_08_0051.png,front
0_01_08_0052.png,front
0_01_08_0053.png,front
0_01_08_0054.png,front
0_01_08_0055.png,front
0_01_08_0056.png,front
0_01_08_0057.png,front
0_01_08_0058.png,front
0_01_08_0059.png,front
0_01_08_0077.png,back
0_01_08_0078.png,back
0_01_08_0079.png,back
0_01_08_0080.png,back
0_01_08_0081.png,back
0_01_08_0082.png,back
0_01_08_0083.png,back
0_01_08_0084.png,back
0_01_08_0085.png,back
0_01_08_0086.png,back
0_01_08_0087.png,back
0_01_08_0088.png,back
0_01_08_0089.png,back
0_01_08_0090.png,back
0_01_08_0091.png,back
0_01_08_0092.png,back
0_01_08_0093.png,back
0_01_08_0094.png,back
0_01_08_0095.png,back
0_01_08_0096.png,back
0_01_08_0097.png,back
0_01_08_0098.png,back
0_01_08_0099.png,back
0_01_08_0100.png,back
0_01_08_0101.png,back
0_01_08_0102.png,back
0_01_08_0103.png,back
0_01_08_0104.png,back
0_01_08_0105.png,back
0_01_08_0106.png,back
0_01_08_0107.png,back
0_01_08_0108.png,back
0_01_08_0109.png,back
0_01_08_0110.png,back
0_01_08_0111.png,back
0_01_08_0112.png,back
0_01_08_0113.png,back
0_01_08_0114.png,back
0_01_08_0115.png,back
0_01_08_0116.png,back
0_01_08_0117.png,back
0_01_08_0118.png,back
0_01_08_0119.png,back
0_01_08_0120.png,back
0_01_08_0121.png,back
0_01_08_0122.png,back
0_01_08_0123.png,back
0_01_08_0124.png,back
0_01_09_0000.png,front
0_01_09_0001.png,front
0_01_09_0002.png,front
0_01_09_0003.png,front
0_01_09_0004.png,front
0_01_09_0005.png,front
0_01_09_0006.png,front
0_01_09_0007.png,front
0_01_09_0008.png,front
0_01_09_0009.png,front
0_01_09_0010.png,front
0_01_09_0011.png,front
0_01_09_0012.png,front
0_01_09_0013.png,front
0_01_09_0014.png,front
0_01_09_0015.png,front
0_01_09_0016.png,front
0_01_09_0017.png,front
0_01_09_0018.png,front
0_01_09_0019.png,front
0_01_09_0020.png,front
0_01_09_0021.png,front
0_01_09_0022.png,front
0_01_09_0023.png,front
0_01_09_0024.png,front
0_01_09_0025.png,front
0_01_09_0026.png,front
0_01_09_0027.png,front
0_01_09_0028.png,front
0_01_09_0029.png,front
0_01_09_0030.png,front
0_01_09_0031.png,front
0_01_09_0032.png,front
0_01_09_0033.png,front
0_01_09_0034.png,front
0_01_09_0035.png,front
0_01_09_0036.png,front
0_01_09_0037.png,front
0_01_09_0038.png,front
0_01_09_0039.png,front
0_01_09_0040.png,front
0_01_09_0041.png,front
0_01_09_0042.png,front
0_01_09_0043.png,front
0_01_09_0044.png,front
0_01_09_0045.png,front
0_01_09_0046.png,front
0_01_09_0047.png,front
0_01_09_0048.png,front
0_01_09_0049.png,front
0_01_09_0050.png,front
0_01_09_0051.png,front
0_01_09_0052.png,front
0_01_09_0053.png,front
0_01_09_0054.png,front
0_01_09_0055.png,front
0_01_09_0056.png,front
0_01_09_0057.png,front
0_01_09_0058.png,front
0_01_09_0059.png,front
0_01_09_0079.png,back
0_01_09_0080.png,back
0_01_09_0081.png,back
0_01_09_0082.png,back
0_01_09_0083.png,back
0_01_09_0084.png,back
0_01_09_0085.png,back
0_01_09_0086.png,back
0_01_09_0087.png,back
0_01_09_0088.png,back
0_01_09_0089.png,back
0_01_09_0090.png,back
0_01_09_0091.png,back
0_01_09_0092.png,back
0_01_09_0093.png,back
0_01_09_0094.png,back
0_01_09_0095.png,back
0_01_09_0096.png,back
0_01_09_0097.png,back
0_01_09_0098.png,back
0_01_09_0099.png,back
0_01_09_0100.png,back
0_01_09_0101.png,back
0_01_09_0102.png,back
0_01_09_0103.png,back
0_01_09_0104.png,back
0_01_09_0105.png,back
0_01_09_0106.png,back
0_01_09_0107.png,back
0_01_09_0108.png,back
0_01_09_0109.png,back
0_01_09_0110.png,back
0_01_09_0111.png,back
0_01_09_0112.png,back
0_01_09_0113.png,back
0_01_09_0114.png,back
0_01_09_0115.png,back
0_01_09_0116.png,back
0_01_09_0117.png,back
0_01_09_0118.png,back
0_01_09_0119.png,back
0_01_09_0120.png,back
0_01_09_0121.png,back
0_01_09_0122.png,back
0_01_10_0000.png,front
0_01_10_0001.png,front
0_01_10_0002.png,front
0_01_10_0003.png,front
0_01_10_0004.png,front
0_01_10_0005.png,front
0_01_10_0006.png,front
0_01_10_0007.png,front
0_01_10_0008.png,front
0_01_10_0009.png,front
0_01_10_0010.png,front
0_01_10_0011.png,front
0_01_10_0012.png,front
0_01_10_0013.png,front
0_01_10_0014.png,front
0_01_10_0015.png,front
0_01_10_0016.png,front
0_01_10_0017.png,front
0_01_10_0018.png,front
0_01_10_0019.png,front
0_01_10_0020.png,front
0_01_10_0021.png,front
0_01_10_0022.png,front
0_01_10_0023.png,front
0_01_10_0024.png,front
0_01_10_0025.png,front
0_01_10_0026.png,front
0_01_10_0027.png,front
0_01_10_0028.png,front
0_01_10_0029.png,front
0_01_10_0030.png,front
0_01_10_0031.png,front
0_01_10_0032.png,front
0_01_10_0033.png,front
0_01_10_0034.png,front
0_01_10_0035.png,front
0_01_10_0036.png,front
0_01_10_0037.png,front
0_01_10_0038.png,front
0_01_10_0039.png,front
0_01_10_0040.png,front
0_01_10_0041.png,front
0_01_10_0042.png,front
0_01_10_0043.png,front
0_01_10_0044.png,front
0_01_10_0045.png,front
0_01_10_0046.png,front
0_01_10_0047.png,front
0_01_10_0048.png,front
0_01_10_0049.png,front
0_01_10_0050.png,front
0_01_10_0051.png,front
0_01_10_0052.png,front
0_01_10_0053.png,front
0_01_10_0054.png,front
0_01_10_0055.png,front
0_01_10_0056.png,front
0_01_10_0057.png,front
0_01_10_0058.png,front
0_01_10_0059.png,front
0_01_10_0060.png,front
0_01_10_0061.png,front
0_01_10_0079.png,back
0_01_10_0080.png,back
0_01_10_0081.png,back
0_01_10_0082.png,back
0_01_10_0083.png,back
0_01_10_0084.png,back
0_01_10_0085.png,back
0_01_10_0086.png,back
0_01_10_0087.png,back
0_01_10_0088.png,back
0_01_10_0089.png,back
0_01_10_0090.png,back
0_01_10_0091.png,back
0_01_10_0092.png,back
0_01_10_0093.png,back
0_01_10_0094.png,back
0_01_10_0095.png,back
0_01_10_0096.png,back
0_01_10_0097.png,back
0_01_10_0098.png,back
0_01_10_0099.png,back
0_01_10_0100.png,back
0_01_10_0101.png,back
0_01_10_0102.png,back
0_01_10_0103.png,back
0_01_10_0104.png,back
0_01_10_0105.png,back
0_01_10_0106.png,back
0_01_10_0107.png,back
0_01_10_0108.png,back
0_01_10_0109.png,back
0_01_10_0110.png,back
0_01_10_0111.png,back
0_01_10_0112.png,back
0_01_10_0113.png,back
0_01_10_0114.png,back
0_01_10_0115.png,back
0_01_10_0116.png,back
0_01_10_0117.png,back
0_01_10_0118.png,back
0_01_10_0119.png,back
0_01_10_0120.png,back
0_01_10_0121.png,back
0_01_10_0122.png,back
0_01_10_0123.png,back
0_01_10_0124.png,back
0_01_10_0125.png,back
0_01_10_0126.png,back
0_01_10_0127.png,back
0_01_11_0000.png,front
0_01_11_0001.png,front
0_01_11_0002.png,front
0_01_11_0003.png,front
0_01_11_0004.png,front
0_01_11_0005.png,front
0_01_11_0006.png,front
0_01_11_0007.png,front
0_01_11_0008.png,front
0_01_11_0009.png,front
0_01_11_0010.png,front
0_01_11_0011.png,front
0_01_11_0012.png,front
0_01_11_0013.png,front
0_01_11_0014.png,front
0_01_11_0015.png,front
0_01_11_0016.png,front
0_01_11_0017.png,front
0_01_11_0018.png,front
0_01_11_0019.png,front
0_01_11_0020.png,front
0_01_11_0021.png,front
0_01_11_0022.png,front
0_01_11_0023.png,front
0_01_11_0024.png,front
0_01_11_0025.png,front
0_01_11_0026.png,front
0_01_11_0027.png,front
0_01_11_0028.png,front
0_01_11_0029.png,front
0_01_11_0030.png,front
0_01_11_0031.png,front
0_01_11_0032.png,front
0_01_11_0033.png,front
0_01_11_0034.png,front
0_01_11_0035.png,front
0_01_11_0036.png,front
0_01_11_0037.png,front
0_01_11_0038.png,front
0_01_11_0039.png,front
0_01_11_0040.png,front
0_01_11_0041.png,front
0_01_11_0042.png,front
0_01_11_0043.png,front
0_01_11_0044.png,front
0_01_11_0045.png,front
0_01_11_0046.png,front
0_01_11_0047.png,front
0_01_11_0048.png,front
0_01_11_0049.png,front
0_01_11_0050.png,front
0_01_11_0051.png,front
0_01_11_0052.png,front
0_01_11_0053.png,front
0_01_11_0054.png,front
0_01_11_0055.png,front
0_01_11_0056.png,front
0_01_11_0057.png,front
0_01_11_0058.png,front
0_01_11_0059.png,front
0_01_11_0060.png,front
0_01_11_0077.png,back
0_01_11_0078.png,back
0_01_11_0079.png,back
0_01_11_0080.png,back
0_01_11_0081.png,back
0_01_11_0082.png,back
0_01_11_0083.png,back
0_01_11_0084.png,back
0_01_11_0085.png,back
0_01_11_0086.png,back
0_01_11_0087.png,back
0_01_11_0088.png,back
0_01_11_0089.png,back
0_01_11_0090.png,back
0_01_11_0091.png,back
0_01_11_0092.png,back
0_01_11_0093.png,back
0_01_11_0094.png,back
0_01_11_0095.png,back
0_01_11_0096.png,back
0_01_11_0097.png,back
0_01_11_0098.png,back
0_01_11_0099.png,back
0_01_11_0100.png,back
0_01_11_0101.png,back
0_01_11_0102.png,back
0_01_11_0103.png,back
0_01_11_0104.png,back
0_01_11_0105.png,back
0_01_11_0106.png,back
0_01_11_0107.png,back
0_01_11_0108.png,back
0_01_11_0109.png,back
0_01_11_0110.png,back
0_01_11_0111.png,back
0_01_11_0112.png,back
0_01_11_0113.png,back
0_01_11_0114.png,back
0_01_11_0115.png,back
0_01_11_0116.png,back
0_01_11_0117.png,back
0_01_11_0118.png,back
0_01_11_0119.png,back
0_01_11_0120.png,back
0_01_11_0121.png,back
0_01_11_0122.png,back
0_01_11_0123.png,back
0_01_11_0124.png,back
0_01_11_0125.png,back
0_01_11_0126.png,back
0_01_12_0000.png,front
0_01_12_0001.png,front
0_01_12_0002.png,front
0_01_12_0003.png,front
0_01_12_0004.png,front
0_01_12_0005.png,front
0_01_12_0006.png,front
0_01_12_0007.png,front
0_01_12_0008.png,front
0_01_12_0009.png,front
0_01_12_0010.png,front
0_01_12_0011.png,front
0_01_12_0012.png,front
0_01_12_0013.png,front
0_01_12_0014.png,front
0_01_12_0015.png,front
0_01_12_0016.png,front
0_01_12_0017.png,front
0_01_12_0018.png,front
0_01_12_0019.png,front
0_01_12_0020.png,front
0_01_12_0021.png,front
0_01_12_0022.png,front
0_01_12_0023.png,front
0_01_12_0024.png,front
0_01_12_0025.png,front
0_01_12_0026.png,front
0_01_12_0027.png,front
0_01_12_0028.png,front
0_01_12_0029.png,front
0_01_12_0030.png,front
0_01_12_0031.png,front
0_01_12_0032.png,front
0_01_12_0033.png,front
0_01_12_0034.png,front
0_01_12_0035.png,front
0_01_12_0036.png,front
0_01_12_0037.png,front
0_01_12_0038.png,front
0_01_12_0039.png,front
0_01_12_0040.png,front
0_01_12_0041.png,front
0_01_12_0042.png,front
0_01_12_0043.png,front
0_01_12_0044.png,front
0_01_12_0045.png,front
0_01_12_0046.png,front
0_01_12_0047.png,front
0_01_12_0048.png,front
0_01_12_0049.png,front
0_01_12_0050.png,front
0_01_12_0051.png,front
0_01_12_0052.png,front
0_01_12_0053.png,front
0_01_12_0054.png,front
0_01_12_0055.png,front
0_01_12_0056.png,front
0_01_12_0076.png,back
0_01_12_0077.png,back
0_01_12_0078.png,back
0_01_12_0079.png,back
0_01_12_0080.png,back
0_01_12_0081.png,back
0_01_12_0082.png,back
0_01_12_0083.png,back
0_01_12_0084.png,back
0_01_12_0085.png,back
0_01_12_0086.png,back
0_01_12_0087.png,back
0_01_12_0088.png,back
0_01_12_0089.png,back
0_01_12_0090.png,back
0_01_12_0091.png,back
0_01_12_0092.png,back
0_01_12_0093.png,back
0_01_12_0094.png,back
0_01_12_0095.png,back
0_01_12_0096.png,back
0_01_12_0097.png,back
0_01_12_0098.png,back
0_01_12_0099.png,back
0_01_12_0100.png,back
0_01_12_0101.png,back
0_01_12_0102.png,back
0_01_12_0103.png,back
0_01_12_0104.png,back
0_01_12_0105.png,back
0_01_12_0106.png,back
0_01_12_0107.png,back
0_01_12_0108.png,back
0_01_12_0109.png,back
0_01_12_0110.png,back
0_01_12_0111.png,back
0_01_12_0112.png,back
0_01_12_0113.png,back
0_01_12_0114.png,back
0_01_12_0115.png,back
0_01_12_0116.png,back
0_01_12_0117.png,back
0_01_12_0118.png,back
0_01_12_0119.png,back
0_01_12_0120.png,back
0_01_13_0000.png,front
0_01_13_0001.png,front
0_01_13_0002.png,front
0_01_13_0003.png,front
0_01_13_0004.png,front
0_01_13_0005.png,front
0_01_13_0006.png,front
0_01_13_0007.png,front
0_01_13_0008.png,front
0_01_13_0009.png,front
0_01_13_0010.png,front
0_01_13_0011.png,front
0_01_13_0012.png,front
0_01_13_0013.png,front
0_01_13_0014.png,front
0_01_13_0015.png,front
0_01_13_0016.png,front
0_01_13_0017.png,front
0_01_13_0018.png,front
0_01_13_0019.png,front
0_01_13_0020.png,front
0_01_13_0021.png,front
0_01_13_0022.png,front
0_01_13_0023.png,front
0_01_13_0024.png,front
0_01_13_0025.png,front
0_01_13_0026.png,front
0_01_13_0027.png,front
0_01_13_0028.png,front
0_01_13_0029.png,front
0_01_13_0030.png,front
0_01_13_0031.png,front
0_01_13_0032.png,front
0_01_13_0033.png,front
0_01_13_0034.png,front
0_01_13_0035.png,front
0_01_13_0036.png,front
0_01_13_0037.png,front
0_01_13_0038.png,front
0_01_13_0039.png,front
0_01_13_0040.png,front
0_01_13_0041.png,front
0_01_13_0042.png,front
0_01_13_0043.png,front
0_01_13_0044.png,front
0_01_13_0045.png,front
0_01_13_0046.png,front
0_01_13_0047.png,front
0_01_13_0048.png,front
0_01_13_0049.png,front
0_01_13_0050.png,front
0_01_13_0051.png,front
0_01_13_0052.png,front
0_01_13_0053.png,front
0_01_13_0054.png,front
0_01_13_0055.png,front
0_01_13_0056.png,front
0_01_13_0057.png,front
0_01_13_0058.png,front
0_01_13_0059.png,front
0_01_13_0075.png,back
0_01_13_0076.png,back
0_01_13_0077.png,back
0_01_13_0078.png,back
0_01_13_0079.png,back
0_01_13_0080.png,back
0_01_13_0081.png,back
0_01_13_0082.png,back
0_01_13_0083.png,back
0_01_13_0084.png,back
0_01_13_0085.png,back
0_01_13_0086.png,back
0_01_13_0087.png,back
0_01_13_0088.png,back
0_01_13_0089.png,back
0_01_13_0090.png,back
0_01_13_0091.png,back
0_01_13_0092.png,back
0_01_13_0093.png,back
0_01_13_0094.png,back
0_01_13_0095.png,back
0_01_13_0096.png,back
0_01_13_0097.png,back
0_01_13_0098.png,back
0_01_13_0099.png,back
0_01_13_0100.png,back
0_01_13_0101.png,back
0_01_13_0102.png,back
0_01_13_0103.png,back
0_01_13_0104.png,back
0_01_13_0105.png,back
0_01_13_0106.png,back
0_01_13_0107.png,back
0_01_13_0108.png,back
0_01_13_0109.png,back
0_01_13_0110.png,back
0_01_13_0111.png,back
0_01_13_0112.png,back
0_01_13_0113.png,back
0_01_13_0114.png,back
0_01_13_0115.png,back
0_01_13_0116.png,back
0_01_13_0117.png,back
0_01_13_0118.png,back
0_01_13_0119.png,back
0_01_13_0120.png,back
0_01_13_0121.png,back
0_01_13_0122.png,back
0_01_14_0000.png,front
0_01_14_0001.png,front
0_01_14_0002.png,front
0_01_14_0003.png,front
0_01_14_0004.png,front
0_01_14_0005.png,front
0_01_14_0006.png,front
0_01_14_0007.png,front
0_01_14_0008.png,front
0_01_14_0009.png,front
0_01_14_0010.png,front
0_01_14_0011.png,front
0_01_14_0012.png,front
0_01_14_0013.png,front
0_01_14_0014.png,front
0_01_14_0015.png,front
0_01_14_0016.png,front
0_01_14_0017.png,front
0_01_14_0018.png,front
0_01_14_0019.png,front
0_01_14_0020.png,front
0_01_14_0021.png,front
0_01_14_0022.png,front
0_01_14_0023.png,front
0_01_14_0024.png,front
0_01_14_0025.png,front
0_01_14_0026.png,front
0_01_14_0027.png,front
0_01_14_0028.png,front
0_01_14_0029.png,front
0_01_14_0030.png,front
0_01_14_0031.png,front
0_01_14_0032.png,front
0_01_14_0033.png,front
0_01_14_0034.png,front
0_01_14_0035.png,front
0_01_14_0036.png,front
0_01_14_0037.png,front
0_01_14_0038.png,front
0_01_14_0039.png,front
0_01_14_0040.png,front
0_01_14_0041.png,front
0_01_14_0042.png,front
0_01_14_0043.png,front
0_01_14_0044.png,front
0_01_14_0045.png,front
0_01_14_0046.png,front
0_01_14_0047.png,front
0_01_14_0048.png,front
0_01_14_0049.png,front
0_01_14_0050.png,front
0_01_14_0051.png,front
0_01_14_0052.png,front
0_01_14_0053.png,front
0_01_14_0054.png,front
0_01_14_0055.png,front
0_01_14_0056.png,front
0_01_14_0057.png,front
0_01_14_0058.png,front
0_01_14_0059.png,front
0_01_14_0060.png,front
0_01_14_0061.png,front
0_01_14_0062.png,front
0_01_14_0075.png,back
0_01_14_0076.png,back
0_01_14_0077.png,back
0_01_14_0078.png,back
0_01_14_0079.png,back
0_01_14_0080.png,back
0_01_14_0081.png,back
0_01_14_0082.png,back
0_01_14_0083.png,back
0_01_14_0084.png,back
0_01_14_0085.png,back
0_01_14_0086.png,back
0_01_14_0087.png,back
0_01_14_0088.png,back
0_01_14_0089.png,back
0_01_14_0090.png,back
0_01_14_0091.png,back
0_01_14_0092.png,back
0_01_14_0093.png,back
0_01_14_0094.png,back
0_01_14_0095.png,back
0_01_14_0096.png,back
0_01_14_0097.png,back
0_01_14_0098.png,back
0_01_14_0099.png,back
0_01_14_0100.png,back
0_01_14_0101.png,back
0_01_14_0102.png,back
0_01_14_0103.png,back
0_01_14_0104.png,back
0_01_14_0105.png,back
0_01_14_0106.png,back
0_01_14_0107.png,back
0_01_14_0108.png,back
0_01_14_0109.png,back
0_01_14_0110.png,back
0_01_14_0111.png,back
0_01_14_0112.png,back
0_01_14_0113.png,back
0_01_14_0114.png,back
0_01_14_0115.png,back
0_01_14_0116.png,back
0_01_14_0117.png,back
0_01_14_0118.png,back
0_01_14_0119.png,back
0_01_14_0120.png,back
0_01_14_0121.png,back
0_01_14_0122.png,back
0_01_14_0123.png,back
0_01_14_0124.png,back
0_01_15_0000.png,front
0_01_15_0001.png,front
0_01_15_0002.png,front
0_01_15_0003.png,front
0_01_15_0004.png,front
0_01_15_0005.png,front
0_01_15_0006.png,front
0_01_15_0007.png,front
0_01_15_0008.png,front
0_01_15_0009.png,front
0_01_15_0010.png,front
0_01_15_0011.png,front
0_01_15_0012.png,front
0_01_15_0013.png,front
0_01_15_0014.png,front
0_01_15_0015.png,front
0_01_15_0016.png,front
0_01_15_0017.png,front
0_01_15_0018.png,front
0_01_15_0019.png,front
0_01_15_0020.png,front
0_01_15_0021.png,front
0_01_15_0022.png,front
0_01_15_0023.png,front
0_01_15_0024.png,front
0_01_15_0025.png,front
0_01_15_0026.png,front
0_01_15_0027.png,front
0_01_15_0028.png,front
0_01_15_0029.png,front
0_01_15_0030.png,front
0_01_15_0031.png,front
0_01_15_0032.png,front
0_01_15_0033.png,front
0_01_15_0034.png,front
0_01_15_0035.png,front
0_01_15_0036.png,front
0_01_15_0037.png,front
0_01_15_0038.png,front
0_01_15_0039.png,front
0_01_15_0040.png,front
0_01_15_0041.png,front
0_01_15_0042.png,front
0_01_15_0043.png,front
0_01_15_0044.png,front
0_01_15_0045.png,front
0_01_15_0046.png,front
0_01_15_0047.png,front
0_01_15_0048.png,front
0_01_15_0049.png,front
0_01_15_0050.png,front
0_01_15_0051.png,front
0_01_15_0052.png,front
0_01_15_0053.png,front
0_01_15_0054.png,front
0_01_15_0055.png,front
0_01_15_0056.png,front
0_01_15_0057.png,front
0_01_15_0058.png,front
0_01_15_0067.png,back
0_01_15_0068.png,back
0_01_15_0069.png,back
0_01_15_0070.png,back
0_01_15_0071.png,back
0_01_15_0072.png,back
0_01_15_0073.png,back
0_01_15_0074.png,back
0_01_15_0075.png,back
0_01_15_0076.png,back
0_01_15_0077.png,back
0_01_15_0078.png,back
0_01_15_0079.png,back
0_01_15_0080.png,back
0_01_15_0081.png,back
0_01_15_0082.png,back
0_01_15_0083.png,back
0_01_15_0084.png,back
0_01_15_0085.png,back
0_01_15_0086.png,back
0_01_15_0087.png,back
0_01_15_0088.png,back
0_01_15_0089.png,back
0_01_15_0090.png,back
0_01_15_0091.png,back
0_01_15_0092.png,back
0_01_15_0093.png,back
0_01_15_0094.png,back
0_01_15_0095.png,back
0_01_15_0096.png,back
0_01_15_0097.png,back
0_01_15_0098.png,back
0_01_15_0099.png,back
0_01_15_0100.png,back
0_01_15_0101.png,back
0_01_16_0000.png,front
0_01_16_0001.png,front
0_01_16_0002.png,front
0_01_16_0003.png,front
0_01_16_0004.png,front
0_01_16_0005.png,front
0_01_16_0006.png,front
0_01_16_0007.png,front
0_01_16_0008.png,front
0_01_16_0009.png,front
0_01_16_0010.png,front
0_01_16_0011.png,front
0_01_16_0012.png,front
0_01_16_0013.png,front
0_01_16_0014.png,front
0_01_16_0015.png,front
0_01_16_0016.png,front
0_01_16_0017.png,front
0_01_16_0018.png,front
0_01_16_0019.png,front
0_01_16_0020.png,front
0_01_16_0021.png,front
0_01_16_0022.png,front
0_01_16_0023.png,front
0_01_16_0024.png,front
0_01_16_0025.png,front
0_01_16_0026.png,front
0_01_16_0027.png,front
0_01_16_0028.png,front
0_01_16_0029.png,front
0_01_16_0030.png,front
0_01_16_0031.png,front
0_01_16_0032.png,front
0_01_16_0033.png,front
0_01_16_0034.png,front
0_01_16_0035.png,front
0_01_16_0036.png,front
0_01_16_0037.png,front
0_01_16_0038.png,front
0_01_16_0039.png,front
0_01_16_0040.png,front
0_01_16_0041.png,front
0_01_16_0042.png,front
0_01_16_0043.png,front
0_01_16_0044.png,front
0_01_16_0045.png,front
0_01_16_0046.png,front
0_01_16_0047.png,front
0_01_16_0048.png,front
0_01_16_0049.png,front
0_01_16_0050.png,front
0_01_16_0051.png,front
0_01_16_0052.png,front
0_01_16_0053.png,front
0_01_16_0054.png,front
0_01_16_0055.png,front
0_01_16_0056.png,front
0_01_16_0057.png,front
0_01_16_0058.png,front
0_01_16_0059.png,front
0_01_16_0074.png,back
0_01_16_0075.png,back
0_01_16_0076.png,back
0_01_16_0077.png,back
0_01_16_0078.png,back
0_01_16_0079.png,back
0_01_16_0080.png,back
0_01_16_0081.png,back
0_01_16_0082.png,back
0_01_16_0083.png,back
0_01_16_0084.png,back
0_01_16_0085.png,back
0_01_16_0086.png,back
0_01_16_0087.png,back
0_01_16_0088.png,back
0_01_16_0089.png,back
0_01_16_0090.png,back
0_01_16_0091.png,back
0_01_16_0092.png,back
0_01_16_0093.png,back
0_01_16_0094.png,back
0_01_16_0095.png,back
0_01_16_0096.png,back
0_01_16_0097.png,back
0_01_16_0098.png,back
0_01_16_0099.png,back
0_01_16_0100.png,back
0_01_16_0101.png,back
0_01_16_0102.png,back
0_01_16_0103.png,back
0_01_16_0104.png,back
0_01_16_0105.png,back
0_01_16_0106.png,back
0_01_16_0107.png,back
0_01_16_0108.png,back
0_01_16_0109.png,back
0_01_16_0110.png,back
0_01_16_0111.png,back
0_01_17_0000.png,front
0_01_17_0001.png,front
0_01_17_0002.png,front
0_01_17_0003.png,front
0_01_17_0004.png,front
0_01_17_0005.png,front
0_01_17_0006.png,front
0_01_17_0007.png,front
0_01_17_0008.png,front
0_01_17_0009.png,front
0_01_17_0010.png,front
0_01_17_0011.png,front
0_01_17_0012.png,front
0_01_17_0013.png,front
0_01_17_0014.png,front
0_01_17_0015.png,front
0_01_17_0016.png,front
0_01_17_0017.png,front
0_01_17_0018.png,front
0_01_17_0019.png,front
0_01_17_0020.png,front
0_01_17_0021.png,front
0_01_17_0022.png,front
0_01_17_0023.png,front
0_01_17_0024.png,front
0_01_17_0025.png,front
0_01_17_0026.png,front
0_01_17_0027.png,front
0_01_17_0028.png,front
0_01_17_0029.png,front
0_01_17_0030.png,front
0_01_17_0031.png,front
0_01_17_0032.png,front
0_01_17_0033.png,front
0_01_17_0034.png,front
0_01_17_0035.png,front
0_01_17_0036.png,front
0_01_17_0037.png,front
0_01_17_0038.png,front
0_01_17_0039.png,front
0_01_17_0040.png,front
0_01_17_0041.png,front
0_01_17_0042.png,front
0_01_17_0043.png,front
0_01_17_0044.png,front
0_01_17_0045.png,front
0_01_17_0046.png,front
0_01_17_0047.png,front
0_01_17_0048.png,front
0_01_17_0049.png,front
0_01_17_0050.png,front
0_01_17_0051.png,front
0_01_17_0052.png,front
0_01_17_0053.png,front
0_01_17_0054.png,front
0_01_17_0055.png,front
0_01_17_0056.png,front
0_01_17_0057.png,front
0_01_17_0058.png,front
0_01_17_0059.png,front
0_01_17_0060.png,front
0_01_17_0061.png,front
0_01_17_0062.png,front
0_01_17_0076.png,back
0_01_17_0077.png,back
0_01_17_0078.png,back
0_01_17_0079.png,back
0_01_17_0080.png,back
0_01_17_0081.png,back
0_01_17_0082.png,back
0_01_17_0083.png,back
0_01_17_0084.png,back
0_01_17_0085.png,back
0_01_17_0086.png,back
0_01_17_0087.png,back
0_01_17_0088.png,back
0_01_17_0089.png,back
0_01_17_0090.png,back
0_01_17_0091.png,back
0_01_17_0092.png,back
0_01_17_0093.png,back
0_01_17_0094.png,back
0_01_17_0095.png,back
0_01_17_0096.png,back
0_01_17_0097.png,back
0_01_17_0098.png,back
0_01_17_0099.png,back
0_01_17_0100.png,back
0_01_17_0101.png,back
0_01_17_0102.png,back
0_01_17_0103.png,back
0_01_17_0104.png,back
0_01_17_0105.png,back
0_01_17_0106.png,back
0_01_17_0107.png,back
0_01_17_0108.png,back
0_01_17_0109.png,back
0_01_17_0110.png,back
0_01_17_0111.png,back
0_01_17_0112.png,back
0_01_17_0113.png,back
0_01_17_0114.png,back
0_01_17_0115.png,back
0_01_17_0116.png,back
0_01_17_0117.png,back
0_01_17_0118.png,back
0_01_17_0119.png,back
0_01_17_0120.png,back
0_01_17_0121.png,back
0_01_17_0122.png,back
0_01_17_0123.png,back
0_01_17_0124.png,back
0_01_17_0125.png,back
0_01_17_0126.png,back
0_01_17_0127.png,back
0_01_17_0128.png,back
0_01_17_0129.png,back
0_01_18_0000.png,front
0_01_18_0001.png,front
0_01_18_0002.png,front
0_01_18_0003.png,front
0_01_18_0004.png,front
0_01_18_0007.png,front
0_01_18_0008.png,front
0_01_18_0009.png,front
0_01_18_0010.png,front
0_01_18_0011.png,front
0_01_18_0012.png,front
0_01_18_0013.png,front
0_01_18_0014.png,front
0_01_18_0015.png,front
0_01_18_0016.png,front
0_01_18_0017.png,front
0_01_18_0018.png,front
0_01_18_0019.png,front
0_01_18_0020.png,front
0_01_18_0021.png,front
0_01_18_0022.png,front
0_01_18_0023.png,front
0_01_18_0024.png,front
0_01_18_0025.png,front
0_01_18_0026.png,front
0_01_18_0027.png,front
0_01_18_0028.png,front
0_01_18_0029.png,front
0_01_18_0030.png,front
0_01_18_0031.png,front
0_01_18_0032.png,front
0_01_18_0033.png,front
0_01_18_0034.png,front
0_01_18_0035.png,front
0_01_18_0036.png,front
0_01_18_0037.png,front
0_01_18_0038.png,front
0_01_18_0039.png,front
0_01_18_0040.png,front
0_01_18_0041.png,front
0_01_18_0042.png,front
0_01_18_0043.png,front
0_01_18_0044.png,front
0_01_18_0045.png,front
0_01_18_0046.png,front
0_01_18_0047.png,front
0_01_18_0048.png,front
0_01_18_0049.png,front
0_01_18_0050.png,front
0_01_18_0051.png,front
0_01_18_0052.png,front
0_01_18_0053.png,front
0_01_18_0054.png,front
0_01_18_0055.png,front
0_01_18_0056.png,front
0_01_18_0057.png,front
0_01_18_0058.png,front
0_01_18_0059.png,front
0_01_18_0074.png,back
0_01_18_0075.png,back
0_01_18_0076.png,back
0_01_18_0077.png,back
0_01_18_0078.png,back
0_01_18_0079.png,back
0_01_18_0080.png,back
0_01_18_0081.png,back
0_01_18_0082.png,back
0_01_18_0083.png,back
0_01_18_0084.png,back
0_01_18_0085.png,back
0_01_18_0086.png,back
0_01_18_0087.png,back
0_01_18_0088.png,back
0_01_18_0089.png,back
0_01_18_0090.png,back
0_01_18_0091.png,back
0_01_18_0092.png,back
0_01_18_0093.png,back
0_01_18_0094.png,back
0_01_18_0095.png,back
0_01_18_0096.png,back
0_01_18_0097.png,back
0_01_18_0098.png,back
0_01_18_0099.png,back
0_01_18_0100.png,back
0_01_18_0101.png,back
0_01_18_0102.png,back
0_01_18_0103.png,back
0_01_18_0104.png,back
0_01_18_0105.png,back
0_01_18_0106.png,back
0_01_19_0000.png,front
0_01_19_0001.png,front
0_01_19_0002.png,front
0_01_19_0003.png,front
0_01_19_0004.png,front
0_01_19_0005.png,front
0_01_19_0006.png,front
0_01_19_0007.png,front
0_01_19_0008.png,front
0_01_19_0009.png,front
0_01_19_0010.png,front
0_01_19_0011.png,front
0_01_19_0012.png,front
0_01_19_0013.png,front
0_01_19_0014.png,front
0_01_19_0015.png,front
0_01_19_0016.png,front
0_01_19_0017.png,front
0_01_19_0018.png,front
0_01_19_0019.png,front
0_01_19_0020.png,front
0_01_19_0021.png,front
0_01_19_0022.png,front
0_01_19_0023.png,front
0_01_19_0024.png,front
0_01_19_0025.png,front
0_01_19_0026.png,front
0_01_19_0027.png,front
0_01_19_0028.png,front
0_01_19_0029.png,front
0_01_19_0030.png,front
0_01_19_0031.png,front
0_01_19_0032.png,front
0_01_19_0033.png,front
0_01_19_0034.png,front
0_01_19_0035.png,front
0_01_19_0036.png,front
0_01_19_0037.png,front
0_01_19_0038.png,front
0_01_19_0039.png,front
0_01_19_0040.png,front
0_01_19_0041.png,front
0_01_19_0042.png,front
0_01_19_0043.png,front
0_01_19_0044.png,front
0_01_19_0045.png,front
0_01_19_0046.png,front
0_01_19_0047.png,front
0_01_19_0048.png,front
0_01_19_0049.png,front
0_01_19_0050.png,front
0_01_19_0051.png,front
0_01_19_0052.png,front
0_01_19_0053.png,front
0_01_19_0054.png,front
0_01_19_0055.png,front
0_01_19_0056.png,front
0_01_19_0057.png,front
0_01_19_0069.png,back
0_01_19_0070.png,back
0_01_19_0071.png,back
0_01_19_0072.png,back
0_01_19_0073.png,back
0_01_19_0074.png,back
0_01_19_0075.png,back
0_01_19_0076.png,back
0_01_19_0077.png,back
0_01_19_0078.png,back
0_01_19_0079.png,back
0_01_19_0080.png,back
0_01_19_0081.png,back
0_01_19_0082.png,back
0_01_19_0083.png,back
0_01_19_0084.png,back
0_01_19_0085.png,back
0_01_19_0086.png,back
0_01_19_0087.png,back
0_01_19_0088.png,back
0_01_19_0089.png,back
0_01_19_0090.png,back
0_01_19_0091.png,back
0_01_19_0092.png,back
0_01_19_0093.png,back
0_01_19_0094.png,back
0_01_19_0095.png,back
0_01_19_0096.png,back
0_01_19_0097.png,back
0_01_19_0098.png,back
0_01_19_0099.png,back
0_01_19_0100.png,back
0_01_19_0101.png,back
0_01_19_0102.png,back
0_01_20_0000.png,front
0_01_20_0001.png,front
0_01_20_0002.png,front
0_01_20_0003.png,front
0_01_20_0004.png,front
0_01_20_0005.png,front
0_01_20_0006.png,front
0_01_20_0007.png,front
0_01_20_0008.png,front
0_01_20_0009.png,front
0_01_20_0010.png,front
0_01_20_0011.png,front
0_01_20_0012.png,front
0_01_20_0013.png,front
0_01_20_0014.png,front
0_01_20_0015.png,front
0_01_20_0016.png,front
0_01_20_0017.png,front
0_01_20_0018.png,front
0_01_20_0019.png,front
0_01_20_0020.png,front
0_01_20_0021.png,front
0_01_20_0022.png,front
0_01_20_0023.png,front
0_01_20_0024.png,front
0_01_20_0025.png,front
0_01_20_0026.png,front
0_01_20_0027.png,front
0_01_20_0028.png,front
0_01_20_0029.png,front
0_01_20_0030.png,front
0_01_20_0031.png,front
0_01_20_0032.png,front
0_01_20_0033.png,front
0_01_20_0034.png,front
0_01_20_0035.png,front
0_01_20_0036.png,front
0_01_20_0037.png,front
0_01_20_0038.png,front
0_01_20_0039.png,front
0_01_20_0040.png,front
0_01_20_0041.png,front
0_01_20_0042.png,front
0_01_20_0043.png,front
0_01_20_0044.png,front
0_01_20_0045.png,front
0_01_20_0058.png,back
0_01_20_0059.png,back
0_01_20_0060.png,back
0_01_20_0061.png,back
0_01_20_0062.png,back
0_01_20_0063.png,back
0_01_20_0064.png,back
0_01_20_0065.png,back
0_01_20_0066.png,back
0_01_20_0067.png,back
0_01_20_0068.png,back
0_01_20_0069.png,back
0_01_20_0070.png,back
0_01_20_0071.png,back
0_01_20_0072.png,back
0_01_20_0073.png,back
0_01_20_0074.png,back
0_01_20_0075.png,back
0_01_20_0076.png,back
0_01_20_0077.png,back
0_01_20_0078.png,back
0_01_20_0079.png,back
0_01_20_0080.png,back
0_01_20_0081.png,back
0_01_20_0082.png,back
0_01_20_0083.png,back
0_01_20_0084.png,back
0_01_20_0085.png,back
0_01_20_0086.png,back
0_01_20_0087.png,back
0_01_20_0088.png,back
0_01_21_0000.png,front
0_01_21_0001.png,front
0_01_21_0002.png,front
0_01_21_0003.png,front
0_01_21_0004.png,front
0_01_21_0005.png,front
0_01_21_0006.png,front
0_01_21_0007.png,front
0_01_21_0008.png,front
0_01_21_0009.png,front
0_01_21_0010.png,front
0_01_21_0011.png,front
0_01_21_0012.png,front
0_01_21_0013.png,front
0_01_21_0014.png,front
0_01_21_0015.png,front
0_01_21_0016.png,front
0_01_21_0017.png,front
0_01_21_0018.png,front
0_01_21_0019.png,front
0_01_21_0020.png,front
0_01_21_0021.png,front
0_01_21_0022.png,front
0_01_21_0023.png,front
0_01_21_0024.png,front
0_01_21_0025.png,front
0_01_21_0026.png,front
0_01_21_0027.png,front
0_01_21_0028.png,front
0_01_21_0029.png,front
0_01_21_0030.png,front
0_01_21_0031.png,front
0_01_21_0032.png,front
0_01_21_0033.png,front
0_01_21_0034.png,front
0_01_21_0035.png,front
0_01_21_0036.png,front
0_01_21_0037.png,front
0_01_21_0038.png,front
0_01_21_0039.png,front
0_01_21_0040.png,front
0_01_21_0041.png,front
0_01_21_0042.png,front
0_01_21_0043.png,front
0_01_21_0044.png,front
0_01_21_0045.png,front
0_01_21_0046.png,front
0_01_21_0047.png,front
0_01_21_0048.png,front
0_01_21_0049.png,front
0_01_21_0050.png,front
0_01_21_0051.png,front
0_01_21_0052.png,front
0_01_21_0053.png,front
0_01_21_0054.png,front
0_01_21_0055.png,front
0_01_21_0056.png,front
0_01_21_0057.png,front
0_01_21_0058.png,front
0_01_21_0059.png,front
0_01_21_0060.png,front
0_01_21_0061.png,front
0_01_21_0062.png,front
0_01_21_0063.png,front
0_01_21_0064.png,front
0_01_21_0065.png,front
0_01_21_0066.png,front
0_01_21_0067.png,front
0_01_21_0068.png,front
0_01_21_0069.png,front
0_01_21_0070.png,front
0_01_21_0071.png,front
0_01_21_0072.png,front
0_01_21_0073.png,front
0_01_21_0074.png,front
0_01_21_0075.png,front
0_01_21_0076.png,front
0_01_21_0077.png,front
0_01_21_0078.png,front
0_01_21_0079.png,front
0_01_21_0080.png,front
0_01_21_0081.png,front
0_01_21_0082.png,front
0_01_21_0083.png,front
0_01_21_0084.png,front
0_01_21_0085.png,front
0_01_21_0086.png,front
0_01_21_0087.png,front
0_01_21_0116.png,back
0_01_21_0117.png,back
0_01_21_0118.png,back
0_01_21_0119.png,back
0_01_21_0120.png,back
0_01_21_0121.png,back
0_01_21_0122.png,back
0_01_21_0123.png,back
0_01_21_0124.png,back
0_01_21_0125.png,back
0_01_21_0126.png,back
0_01_21_0127.png,back
0_01_21_0128.png,back
0_01_21_0129.png,back
0_01_21_0130.png,back
0_01_21_0131.png,back
0_01_21_0132.png,back
0_01_21_0133.png,back
0_01_21_0134.png,back
0_01_21_0135.png,back
0_01_21_0136.png,back
0_01_21_0137.png,back
0_01_21_0138.png,back
0_01_21_0139.png,back
0_01_21_0140.png,back
0_01_21_0141.png,back
0_01_21_0142.png,back
0_01_21_0143.png,back
0_01_21_0144.png,back
0_01_21_0145.png,back
0_01_21_0146.png,back
0_01_21_0147.png,back
0_01_21_0148.png,back
0_01_21_0149.png,back
0_01_21_0150.png,back
0_01_21_0151.png,back
0_01_21_0152.png,back
0_01_21_0153.png,back
0_01_21_0154.png,back
0_01_21_0155.png,back
0_01_21_0156.png,back
0_01_22_0000.png,front
0_01_22_0001.png,front
0_01_22_0002.png,front
0_01_22_0003.png,front
0_01_22_0004.png,front
0_01_22_0005.png,front
0_01_22_0006.png,front
0_01_22_0007.png,front
0_01_22_0008.png,front
0_01_22_0009.png,front
0_01_22_0010.png,front
0_01_22_0011.png,front
0_01_22_0012.png,front
0_01_22_0013.png,front
0_01_22_0014.png,front
0_01_22_0015.png,front
0_01_22_0016.png,front
0_01_22_0017.png,front
0_01_22_0018.png,front
0_01_22_0019.png,front
0_01_22_0020.png,front
0_01_22_0021.png,front
0_01_22_0022.png,front
0_01_22_0023.png,front
0_01_22_0024.png,front
0_01_22_0025.png,front
0_01_22_0026.png,front
0_01_22_0027.png,front
0_01_22_0028.png,front
0_01_22_0029.png,front
0_01_22_0030.png,front
0_01_22_0031.png,front
0_01_22_0032.png,front
0_01_22_0033.png,front
0_01_22_0034.png,front
0_01_22_0035.png,front
0_01_22_0036.png,front
0_01_22_0037.png,front
0_01_22_0038.png,front
0_01_22_0039.png,front
0_01_22_0040.png,front
0_01_22_0041.png,front
0_01_22_0042.png,front
0_01_22_0043.png,front
0_01_22_0044.png,front
0_01_22_0045.png,front
0_01_22_0046.png,front
0_01_22_0047.png,front
0_01_22_0048.png,front
0_01_22_0049.png,front
0_01_22_0050.png,front
0_01_22_0051.png,front
0_01_22_0052.png,front
0_01_22_0053.png,front
0_01_22_0054.png,front
0_01_22_0055.png,front
0_01_22_0056.png,front
0_01_22_0057.png,front
0_01_22_0066.png,back
0_01_22_0067.png,back
0_01_22_0068.png,back
0_01_22_0069.png,back
0_01_22_0070.png,back
0_01_22_0071.png,back
0_01_22_0072.png,back
0_01_22_0073.png,back
0_01_22_0074.png,back
0_01_22_0075.png,back
0_01_22_0076.png,back
0_01_22_0077.png,back
0_01_22_0078.png,back
0_01_22_0079.png,back
0_01_22_0080.png,back
0_01_22_0081.png,back
0_01_22_0082.png,back
0_01_22_0083.png,back
0_01_22_0084.png,back
0_01_22_0085.png,back
0_01_22_0086.png,back
0_01_22_0087.png,back
0_01_22_0088.png,back
0_01_22_0089.png,back
0_01_22_0090.png,back
0_01_22_0091.png,back
0_01_22_0092.png,back
0_01_22_0093.png,back
0_01_22_0094.png,back
0_01_22_0095.png,back
0_01_22_0096.png,back
0_01_22_0097.png,back
0_01_22_0098.png,back
0_01_22_0099.png,back
0_01_22_0100.png,back
0_01_22_0101.png,back
0_01_22_0102.png,back
0_01_23_0000.png,front
0_01_23_0001.png,front
0_01_23_0002.png,front
0_01_23_0003.png,front
0_01_23_0004.png,front
0_01_23_0005.png,front
0_01_23_0006.png,front
0_01_23_0007.png,front
0_01_23_0008.png,front
0_01_23_0009.png,front
0_01_23_0010.png,front
0_01_23_0011.png,front
0_01_23_0012.png,front
0_01_23_0013.png,front
0_01_23_0014.png,front
0_01_23_0015.png,front
0_01_23_0016.png,front
0_01_23_0017.png,front
0_01_23_0018.png,front
0_01_23_0019.png,front
0_01_23_0020.png,front
0_01_23_0021.png,front
0_01_23_0022.png,front
0_01_23_0023.png,front
0_01_23_0024.png,front
0_01_23_0025.png,front
0_01_23_0026.png,front
0_01_23_0027.png,front
0_01_23_0028.png,front
0_01_23_0029.png,front
0_01_23_0030.png,front
0_01_23_0031.png,front
0_01_23_0032.png,front
0_01_23_0033.png,front
0_01_23_0034.png,front
0_01_23_0035.png,front
0_01_23_0036.png,front
0_01_23_0037.png,front
0_01_23_0038.png,front
0_01_23_0039.png,front
0_01_23_0040.png,front
0_01_23_0041.png,front
0_01_23_0042.png,front
0_01_23_0043.png,front
0_01_23_0044.png,front
0_01_23_0045.png,front
0_01_23_0046.png,front
0_01_23_0047.png,front
0_01_23_0048.png,front
0_01_23_0049.png,front
0_01_23_0050.png,front
0_01_23_0051.png,front
0_01_23_0052.png,front
0_01_23_0064.png,back
0_01_23_0065.png,back
0_01_23_0066.png,back
0_01_23_0067.png,back
0_01_23_0068.png,back
0_01_23_0069.png,back
0_01_23_0070.png,back
0_01_23_0071.png,back
0_01_23_0072.png,back
0_01_23_0073.png,back
0_01_23_0074.png,back
0_01_23_0075.png,back
0_01_23_0076.png,back
0_01_23_0077.png,back
0_01_23_0078.png,back
0_01_23_0079.png,back
0_01_23_0080.png,back
0_01_23_0081.png,back
0_01_23_0082.png,back
0_01_23_0083.png,back
0_01_23_0084.png,back
0_01_23_0085.png,back
0_01_23_0086.png,back
0_01_23_0087.png,back
0_01_23_0088.png,back
0_01_23_0089.png,back
0_01_23_0090.png,back
0_01_23_0091.png,back
0_01_23_0092.png,back
0_01_23_0093.png,back
0_01_23_0094.png,back
0_01_23_0095.png,back
0_01_23_0096.png,back
0_01_23_0097.png,back
0_01_23_0098.png,back
0_01_23_0099.png,back
0_01_24_0000.png,front
0_01_24_0001.png,front
0_01_24_0002.png,front
0_01_24_0003.png,front
0_01_24_0004.png,front
0_01_24_0005.png,front
0_01_24_0006.png,front
0_01_24_0007.png,front
0_01_24_0008.png,front
0_01_24_0009.png,front
0_01_24_0010.png,front
0_01_24_0011.png,front
0_01_24_0012.png,front
0_01_24_0013.png,front
0_01_24_0014.png,front
0_01_24_0015.png,front
0_01_24_0016.png,front
0_01_24_0017.png,front
0_01_24_0018.png,front
0_01_24_0019.png,front
0_01_24_0020.png,front
0_01_24_0021.png,front
0_01_24_0022.png,front
0_01_24_0023.png,front
0_01_24_0024.png,front
0_01_24_0025.png,front
0_01_24_0026.png,front
0_01_24_0027.png,front
0_01_24_0028.png,front
0_01_24_0029.png,front
0_01_24_0030.png,front
0_01_24_0031.png,front
0_01_24_0032.png,front
0_01_24_0033.png,front
0_01_24_0034.png,front
0_01_24_0035.png,front
0_01_24_0036.png,front
0_01_24_0037.png,front
0_01_24_0038.png,front
0_01_24_0039.png,front
0_01_24_0040.png,front
0_01_24_0041.png,front
0_01_24_0042.png,front
0_01_24_0043.png,front
0_01_24_0044.png,front
0_01_24_0045.png,front
0_01_24_0046.png,front
0_01_24_0047.png,front
0_01_24_0048.png,front
0_01_24_0049.png,front
0_01_24_0061.png,back
0_01_24_0062.png,back
0_01_24_0063.png,back
0_01_24_0064.png,back
0_01_24_0065.png,back
0_01_24_0066.png,back
0_01_24_0067.png,back
0_01_24_0068.png,back
0_01_24_0069.png,back
0_01_24_0070.png,back
0_01_24_0071.png,back
0_01_24_0072.png,back
0_01_24_0073.png,back
0_01_24_0074.png,back
0_01_24_0075.png,back
0_01_24_0076.png,back
0_01_24_0077.png,back
0_01_24_0078.png,back
0_01_24_0079.png,back
0_01_24_0080.png,back
0_01_24_0081.png,back
0_01_24_0082.png,back
0_01_24_0083.png,back
0_01_24_0084.png,back
0_01_24_0085.png,back
0_01_24_0086.png,back
0_01_24_0087.png,back
0_01_24_0088.png,back
0_01_24_0089.png,back
0_01_25_0000.png,front
0_01_25_0001.png,front
0_01_25_0002.png,front
0_01_25_0003.png,front
0_01_25_0004.png,front
0_01_25_0005.png,front
0_01_25_0006.png,front
0_01_25_0007.png,front
0_01_25_0008.png,front
0_01_25_0009.png,front
0_01_25_0010.png,front
0_01_25_0011.png,front
0_01_25_0012.png,front
0_01_25_0013.png,front
0_01_25_0014.png,front
0_01_25_0015.png,front
0_01_25_0016.png,front
0_01_25_0017.png,front
0_01_25_0018.png,front
0_01_25_0019.png,front
0_01_25_0020.png,front
0_01_25_0021.png,front
0_01_25_0022.png,front
0_01_25_0023.png,front
0_01_25_0024.png,front
0_01_25_0025.png,front
0_01_25_0026.png,front
0_01_25_0027.png,front
0_01_25_0028.png,front
0_01_25_0029.png,front
0_01_25_0030.png,front
0_01_25_0031.png,front
0_01_25_0032.png,front
0_01_25_0033.png,front
0_01_25_0034.png,front
0_01_25_0035.png,front
0_01_25_0036.png,front
0_01_25_0037.png,front
0_01_25_0038.png,front
0_01_25_0039.png,front
0_01_25_0040.png,front
0_01_25_0041.png,front
0_01_25_0042.png,front
0_01_25_0043.png,front
0_01_25_0044.png,front
0_01_25_0045.png,front
0_01_25_0046.png,front
0_01_25_0047.png,front
0_01_25_0063.png,back
0_01_25_0064.png,back
0_01_25_0065.png,back
0_01_25_0066.png,back
0_01_25_0067.png,back
0_01_25_0068.png,back
0_01_25_0069.png,back
0_01_25_0070.png,back
0_01_25_0071.png,back
0_01_25_0072.png,back
0_01_25_0073.png,back
0_01_25_0074.png,back
0_01_25_0075.png,back
0_01_25_0076.png,back
0_01_25_0077.png,back
0_01_25_0078.png,back
0_01_25_0079.png,back
0_01_25_0080.png,back
0_01_25_0081.png,back
0_01_25_0082.png,back
0_01_25_0083.png,back
0_01_25_0084.png,back
0_01_25_0085.png,back
0_01_25_0086.png,back
0_01_25_0087.png,back
0_01_25_0088.png,back
0_01_25_0089.png,back
0_01_25_0090.png,back
0_01_25_0091.png,back
0_01_25_0092.png,back
0_01_25_0093.png,back
0_01_25_0094.png,back
0_01_26_0000.png,front
0_01_26_0001.png,front
0_01_26_0002.png,front
0_01_26_0003.png,front
0_01_26_0004.png,front
0_01_26_0005.png,front
0_01_26_0006.png,front
0_01_26_0007.png,front
0_01_26_0008.png,front
0_01_26_0009.png,front
0_01_26_0010.png,front
0_01_26_0011.png,front
0_01_26_0012.png,front
0_01_26_0013.png,front
0_01_26_0014.png,front
0_01_26_0015.png,front
0_01_26_0016.png,front
0_01_26_0017.png,front
0_01_26_0018.png,front
0_01_26_0019.png,front
0_01_26_0020.png,front
0_01_26_0021.png,front
0_01_26_0022.png,front
0_01_26_0023.png,front
0_01_26_0024.png,front
0_01_26_0025.png,front
0_01_26_0026.png,front
0_01_26_0027.png,front
0_01_26_0028.png,front
0_01_26_0029.png,front
0_01_26_0030.png,front
0_01_26_0031.png,front
0_01_26_0032.png,front
0_01_26_0033.png,front
0_01_26_0034.png,front
0_01_26_0035.png,front
0_01_26_0036.png,front
0_01_26_0037.png,front
0_01_26_0038.png,front
0_01_26_0039.png,front
0_01_26_0040.png,front
0_01_26_0041.png,front
0_01_26_0042.png,front
0_01_26_0043.png,front
0_01_26_0044.png,front
0_01_26_0045.png,front
0_01_26_0046.png,front
0_01_26_0047.png,front
0_01_26_0048.png,front
0_01_26_0049.png,front
0_01_26_0050.png,front
0_01_26_0051.png,front
0_01_26_0061.png,back
0_01_26_0062.png,back
0_01_26_0063.png,back
0_01_26_0064.png,back
0_01_26_0065.png,back
0_01_26_0066.png,back
0_01_26_0067.png,back
0_01_26_0068.png,back
0_01_26_0069.png,back
0_01_26_0070.png,back
0_01_26_0071.png,back
0_01_26_0072.png,back
0_01_26_0073.png,back
0_01_26_0074.png,back
0_01_26_0075.png,back
0_01_26_0076.png,back
0_01_26_0077.png,back
0_01_26_0078.png,back
0_01_26_0079.png,back
0_01_26_0080.png,back
0_01_26_0081.png,back
0_01_26_0082.png,back
0_01_26_0083.png,back
0_01_26_0084.png,back
0_01_26_0085.png,back
0_01_26_0086.png,back
0_01_26_0087.png,back
0_01_26_0088.png,back
0_01_26_0089.png,back
0_01_26_0090.png,back
0_01_26_0091.png,back
0_01_26_0092.png,back
0_01_26_0093.png,back
0_01_26_0094.png,back
0_01_26_0095.png,back
0_01_27_0000.png,front
0_01_27_0001.png,front
0_01_27_0002.png,front
0_01_27_0003.png,front
0_01_27_0004.png,front
0_01_27_0005.png,front
0_01_27_0006.png,front
0_01_27_0007.png,front
0_01_27_0008.png,front
0_01_27_0009.png,front
0_01_27_0010.png,front
0_01_27_0011.png,front
0_01_27_0012.png,front
0_01_27_0013.png,front
0_01_27_0014.png,front
0_01_27_0015.png,front
0_01_27_0016.png,front
0_01_27_0017.png,front
0_01_27_0018.png,front
0_01_27_0019.png,front
0_01_27_0020.png,front
0_01_27_0021.png,front
0_01_27_0022.png,front
0_01_27_0023.png,front
0_01_27_0024.png,front
0_01_27_0025.png,front
0_01_27_0026.png,front
0_01_27_0027.png,front
0_01_27_0028.png,front
0_01_27_0029.png,front
0_01_27_0030.png,front
0_01_27_0031.png,front
0_01_27_0032.png,front
0_01_27_0033.png,front
0_01_27_0034.png,front
0_01_27_0035.png,front
0_01_27_0036.png,front
0_01_27_0037.png,front
0_01_27_0038.png,front
0_01_27_0039.png,front
0_01_27_0040.png,front
0_01_27_0041.png,front
0_01_27_0042.png,front
0_01_27_0043.png,front
0_01_27_0044.png,front
0_01_27_0045.png,front
0_01_27_0046.png,front
0_01_27_0058.png,back
0_01_27_0059.png,back
0_01_27_0060.png,back
0_01_27_0061.png,back
0_01_27_0062.png,back
0_01_27_0063.png,back
0_01_27_0064.png,back
0_01_27_0065.png,back
0_01_27_0066.png,back
0_01_27_0067.png,back
0_01_27_0068.png,back
0_01_27_0069.png,back
0_01_27_0070.png,back
0_01_27_0071.png,back
0_01_27_0072.png,back
0_01_27_0073.png,back
0_01_27_0074.png,back
0_01_27_0075.png,back
0_01_27_0076.png,back
0_01_27_0077.png,back
0_01_27_0078.png,back
0_01_27_0079.png,back
0_01_27_0080.png,back
0_01_27_0081.png,back
0_01_27_0082.png,back
0_01_27_0083.png,back
0_01_27_0084.png,back
0_01_27_0085.png,back
0_01_27_0086.png,back
0_01_27_0087.png,back
0_01_27_0088.png,back
0_01_27_0089.png,back
0_01_27_0090.png,back
0_01_27_0091.png,back
0_01_27_0092.png,back
0_01_28_0000.png,front
0_01_28_0001.png,front
0_01_28_0002.png,front
0_01_28_0003.png,front
0_01_28_0004.png,front
0_01_28_0005.png,front
0_01_28_0006.png,front
0_01_28_0007.png,front
0_01_28_0008.png,front
0_01_28_0009.png,front
0_01_28_0010.png,front
0_01_28_0011.png,front
0_01_28_0012.png,front
0_01_28_0013.png,front
0_01_28_0014.png,front
0_01_28_0015.png,front
0_01_28_0016.png,front
0_01_28_0017.png,front
0_01_28_0018.png,front
0_01_28_0019.png,front
0_01_28_0020.png,front
0_01_28_0021.png,front
0_01_28_0022.png,front
0_01_28_0023.png,front
0_01_28_0024.png,front
0_01_28_0025.png,front
0_01_28_0026.png,front
0_01_28_0027.png,front
0_01_28_0028.png,front
0_01_28_0029.png,front
0_01_28_0030.png,front
0_01_28_0031.png,front
0_01_28_0032.png,front
0_01_28_0033.png,front
0_01_28_0034.png,front
0_01_28_0035.png,front
0_01_28_0036.png,front
0_01_28_0037.png,front
0_01_28_0038.png,front
0_01_28_0039.png,front
0_01_28_0040.png,front
0_01_28_0041.png,front
0_01_28_0042.png,front
0_01_28_0043.png,front
0_01_28_0044.png,front
0_01_28_0045.png,front
0_01_28_0046.png,front
0_01_28_0047.png,front
0_01_28_0048.png,front
0_01_28_0049.png,front
0_01_28_0050.png,front
0_01_28_0060.png,back
0_01_28_0061.png,back
0_01_28_0063.png,back
0_01_28_0064.png,back
0_01_28_0065.png,back
0_01_28_0066.png,back
0_01_28_0067.png,back
0_01_28_0068.png,back
0_01_28_0069.png,back
0_01_28_0070.png,back
0_01_28_0071.png,back
0_01_28_0072.png,back
0_01_28_0073.png,back
0_01_28_0074.png,back
0_01_28_0075.png,back
0_01_28_0076.png,back
0_01_28_0077.png,back
0_01_28_0078.png,back
0_01_28_0079.png,back
0_01_28_0080.png,back
0_01_28_0081.png,back
0_01_28_0082.png,back
0_01_28_0083.png,back
0_01_28_0084.png,back
0_01_28_0085.png,back
0_01_28_0086.png,back
0_01_28_0087.png,back
0_01_28_0088.png,back
0_01_28_0089.png,back
0_01_28_0090.png,back
0_01_28_0091.png,back
0_01_28_0092.png,back
0_01_28_0093.png,back
0_01_28_0094.png,back
0_01_28_0095.png,back
0_01_28_0096.png,back
0_01_29_0000.png,front
0_01_29_0001.png,front
0_01_29_0002.png,front
0_01_29_0003.png,front
0_01_29_0004.png,front
0_01_29_0005.png,front
0_01_29_0006.png,front
0_01_29_0007.png,front
0_01_29_0008.png,front
0_01_29_0009.png,front
0_01_29_0010.png,front
0_01_29_0011.png,front
0_01_29_0012.png,front
0_01_29_0013.png,front
0_01_29_0014.png,front
0_01_29_0015.png,front
0_01_29_0016.png,front
0_01_29_0017.png,front
0_01_29_0018.png,front
0_01_29_0019.png,front
0_01_29_0020.png,front
0_01_29_0021.png,front
0_01_29_0022.png,front
0_01_29_0023.png,front
0_01_29_0024.png,front
0_01_29_0025.png,front
0_01_29_0026.png,front
0_01_29_0027.png,front
0_01_29_0028.png,front
0_01_29_0029.png,front
0_01_29_0030.png,front
0_01_29_0031.png,front
0_01_29_0032.png,front
0_01_29_0033.png,front
0_01_29_0034.png,front
0_01_29_0035.png,front
0_01_29_0036.png,front
0_01_29_0037.png,front
0_01_29_0038.png,front
0_01_29_0039.png,front
0_01_29_0040.png,front
0_01_29_0041.png,front
0_01_29_0042.png,front
0_01_29_0043.png,front
0_01_29_0044.png,front
0_01_29_0045.png,front
0_01_29_0046.png,front
0_01_29_0047.png,front
0_01_29_0057.png,back
0_01_29_0058.png,back
0_01_29_0059.png,back
0_01_29_0060.png,back
0_01_29_0061.png,back
0_01_29_0062.png,back
0_01_29_0063.png,back
0_01_29_0064.png,back
0_01_29_0065.png,back
0_01_29_0066.png,back
0_01_29_0067.png,back
0_01_29_0068.png,back
0_01_29_0069.png,back
0_01_29_0070.png,back
0_01_29_0071.png,back
0_01_29_0072.png,back
0_01_29_0073.png,back
0_01_29_0074.png,back
0_01_29_0075.png,back
0_01_29_0076.png,back
0_01_29_0077.png,back
0_01_29_0078.png,back
0_01_29_0079.png,back
0_01_29_0080.png,back
0_01_29_0081.png,back
0_01_29_0082.png,back
0_01_29_0083.png,back
0_01_29_0084.png,back
0_01_29_0085.png,back
0_01_29_0086.png,back
0_01_29_0087.png,back
0_01_30_0000.png,front
0_01_30_0001.png,front
0_01_30_0002.png,front
0_01_30_0003.png,front
0_01_30_0004.png,front
0_01_30_0005.png,front
0_01_30_0006.png,front
0_01_30_0007.png,front
0_01_30_0008.png,front
0_01_30_0009.png,front
0_01_30_0010.png,front
0_01_30_0011.png,front
0_01_30_0012.png,front
0_01_30_0013.png,front
0_01_30_0014.png,front
0_01_30_0015.png,front
0_01_30_0016.png,front
0_01_30_0017.png,front
0_01_30_0018.png,front
0_01_30_0019.png,front
0_01_30_0020.png,front
0_01_30_0021.png,front
0_01_30_0022.png,front
0_01_30_0023.png,front
0_01_30_0024.png,front
0_01_30_0025.png,front
0_01_30_0026.png,front
0_01_30_0027.png,front
0_01_30_0028.png,front
0_01_30_0029.png,front
0_01_30_0030.png,front
0_01_30_0031.png,front
0_01_30_0032.png,front
0_01_30_0033.png,front
0_01_30_0034.png,front
0_01_30_0035.png,front
0_01_30_0036.png,front
0_01_30_0037.png,front
0_01_30_0038.png,front
0_01_30_0039.png,front
0_01_30_0040.png,front
0_01_30_0041.png,front
0_01_30_0042.png,front
0_01_30_0043.png,front
0_01_30_0044.png,front
0_01_30_0045.png,front
0_01_30_0046.png,front
0_01_30_0047.png,front
0_01_30_0048.png,front
0_01_30_0059.png,back
0_01_30_0060.png,back
0_01_30_0061.png,back
0_01_30_0062.png,back
0_01_30_0063.png,back
0_01_30_0064.png,back
0_01_30_0065.png,back
0_01_30_0066.png,back
0_01_30_0067.png,back
0_01_30_0068.png,back
0_01_30_0069.png,back
0_01_30_0070.png,back
0_01_30_0071.png,back
0_01_30_0072.png,back
0_01_30_0073.png,back
0_01_30_0074.png,back
0_01_30_0075.png,back
0_01_30_0076.png,back
0_01_30_0077.png,back
0_01_30_0078.png,back
0_01_30_0079.png,back
0_01_30_0080.png,back
0_01_30_0081.png,back
0_01_30_0082.png,back
0_01_30_0083.png,back
0_01_30_0084.png,back
0_01_30_0085.png,back
0_01_30_0086.png,back
0_01_30_0087.png,back
0_01_30_0088.png,back
0_01_30_0089.png,back
0_01_30_0090.png,back
0_01_99_0000.png,front
0_01_99_0001.png,front
0_01_99_0002.png,front
0_01_99_0003.png,front
0_01_99_0004.png,front
0_01_99_0005.png,front
0_01_99_0006.png,front
0_01_99_0007.png,front
0_01_99_0008.png,front
0_01_99_0009.png,front
0_01_99_0010.png,front
0_01_99_0011.png,front
0_01_99_0012.png,front
0_01_99_0013.png,front
0_01_99_0014.png,front
0_01_99_0015.png,front
0_01_99_0016.png,front
0_01_99_0017.png,front
0_01_99_0018.png,front
0_01_99_0019.png,front
0_01_99_0020.png,front
0_01_99_0021.png,front
0_01_99_0022.png,front
0_01_99_0023.png,front
0_01_99_0024.png,front
0_01_99_0025.png,front
0_01_99_0026.png,front
0_01_99_0027.png,front
0_01_99_0028.png,front
0_01_99_0029.png,front
0_01_99_0030.png,front
0_01_99_0031.png,front
0_01_99_0032.png,front
0_01_99_0033.png,front
0_01_99_0034.png,front
0_01_99_0035.png,front
0_01_99_0036.png,front
0_01_99_0037.png,front
0_01_99_0038.png,front
0_01_99_0039.png,front
0_01_99_0040.png,front
0_01_99_0041.png,front
0_01_99_0042.png,front
0_01_99_0043.png,front
0_01_99_0044.png,front
0_01_99_0045.png,front
0_01_99_0046.png,front
0_01_99_0047.png,front
0_01_99_0048.png,front
0_01_99_0049.png,front
0_01_99_0050.png,back
0_01_99_0063.png,back
0_01_99_0064.png,back
0_01_99_0065.png,back
0_01_99_0066.png,back
0_01_99_0067.png,back
0_01_99_0068.png,back
0_01_99_0069.png,back
0_01_99_0070.png,back
0_01_99_0071.png,back
0_01_99_0072.png,back
0_01_99_0073.png,back
0_01_99_0074.png,back
0_01_99_0075.png,back
0_01_99_0076.png,back
0_01_99_0077.png,back
0_01_99_0078.png,back
0_01_99_0079.png,back
0_01_99_0080.png,back
0_01_99_0081.png,back
0_01_99_0082.png,back
0_01_99_0083.png,back
0_01_99_0084.png,back
0_01_99_0085.png,back
0_01_99_0086.png,back
0_01_99_0087.png,back
0_01_99_0088.png,back
0_01_99_0089.png,back
0_01_99_0090.png,back
0_01_99_0091.png,back
0_01_99_0092.png,back
0_01_99_0093.png,back
0_01_99_0094.png,back
0_01_99_0095.png,back
0_01_99_0096.png,back
0_01_99_0097.png,back
0_01_99_0098.png,back
0_01_99_0099.png,back
0_01_99_0100.png,back
0_01_99_0101.png,back
0_01_99_0102.png,back
0_01_99_0103.png,back
0_01_99_0104.png,back
